TOTAL_TIME,0m7s
TOTAL_FRAMES,470
SELECTED_FRAMES,470
NO_OF_JOINTS,7
FREQUENCY,64.0
DESCRIPTION,east
TIME_STAMP,Jul 17, 2009

Time,Frame,Pelvis_gyroX_37,Pelvis_gyroY_37,Pelvis_gyroZ_37,RFEP_gyroX_30,RFEP_gyroY_30,RFEP_gyroZ_30,RFEO_gyroX_55,RFEO_gyroY_55,RFEO_gyroZ_55,RTIO_gyroX_44,RTIO_gyroY_44,RTIO_gyroZ_44,LFEP_gyroX_25,LFEP_gyroY_25,LFEP_gyroZ_25,LFEO_gyroX_28,LFEO_gyroY_28,LFEO_gyroZ_28,LTIO_gyroX_70,LTIO_gyroY_70,LTIO_gyroZ_70
0.0,0,0.0,0.0,0.0,0.0,0.0,0.0,0.0,0.0,0.0,0.0,0.0,0.0,0.0,0.0,0.0,0.0,0.0,0.0,0.0,0.0,0.0
0.015625,1,0.0,0.0,0.0,0.0,0.0,0.0,0.0,0.0,0.0,0.0,0.0,0.0,0.0,0.0,0.0,0.0,0.0,0.0,0.0,0.0,0.0
0.03125,2,0.0,0.0,0.0,0.0,0.0,0.0,0.0,0.0,0.0,0.0,0.0,0.0,0.0,0.0,0.0,0.0,0.0,0.0,0.0,0.0,0.0
0.046875,3,-0.09375,0.0625,0.21875,-0.90625,0.375,-0.46875,-0.875,0.15625,0.40625,-0.53125,0.25,0.71875,0.3125,0.71875,-0.375,-0.375,1.0625,-0.5,-0.875,0.875,0.40625
0.0625,4,0.21875,0.40625,0.15625,-0.125,0.5,-0.4375,-0.5625,0.25,0.1875,-0.4375,0.46875,0.15625,0.15625,0.65625,-0.15625,-0.1875,1.09375,-0.5625,-0.78125,0.9375,0.28125
0.078125,5,0.375,0.5625,0.09375,0.375,0.6875,-0.4375,-0.03125,0.46875,-0.125,-0.1875,0.75,-0.34375,0.46875,0.53125,0.0,-0.03125,1.0625,-0.5625,-0.625,1.125,0.15625
0.09375,6,0.40625,0.4375,0.25,1.1875,0.75,-0.25,1.09375,0.65625,-0.34375,0.09375,1.28125,-0.8125,0.96875,0.59375,0.0,-0.125,1.0,-0.53125,-0.46875,1.53125,-0.0625
0.109375,7,0.40625,0.09375,0.34375,0.71875,0.75,-0.09375,0.5625,0.84375,-0.25,-0.1875,1.53125,-0.25,1.0625,0.65625,-0.125,-0.21875,1.15625,-0.53125,-0.28125,2.03125,-0.40625
0.125,8,0.03125,-0.03125,0.4375,-0.90625,0.875,-0.375,-0.875,1.0625,-0.09375,-0.53125,1.125,0.9375,0.78125,0.65625,-0.1875,-0.46875,1.28125,-0.5625,-0.375,2.40625,-0.71875
0.140625,9,-0.1875,-0.375,0.0,-1.4375,1.0625,-0.3125,-1.46875,1.15625,-0.03125,-1.0,0.90625,1.34375,0.75,0.53125,-0.1875,-0.59375,1.46875,-0.625,-0.4375,2.71875,-0.90625
0.15625,10,-0.15625,-0.09375,-0.53125,-1.3125,1.125,-0.3125,-1.375,1.125,-0.03125,-0.9375,0.90625,1.25,0.75,0.21875,-0.15625,-0.5,1.65625,-0.65625,-0.5,3.09375,-1.0625
0.171875,11,-0.21875,0.4375,-0.875,-0.78125,1.0,-0.25,-0.875,1.0625,-0.09375,-0.625,1.03125,0.8125,0.5625,-0.1875,-0.09375,-0.3125,1.84375,-0.6875,-0.5,3.46875,-1.15625
0.1875,12,-0.125,0.59375,-0.6875,-0.28125,1.0,-0.25,-0.375,1.03125,-0.125,-0.3125,1.09375,0.4375,0.40625,-0.65625,-0.0625,-0.25,2.03125,-0.65625,-0.5,3.84375,-1.34375
0.203125,13,-0.15625,0.3125,-0.375,-0.1875,1.125,-0.21875,-0.25,0.96875,-0.09375,-0.1875,1.0,0.34375,0.1875,-1.125,0.0,-0.28125,2.25,-0.59375,-0.4375,4.25,-1.59375
0.21875,14,-0.40625,0.5625,0.28125,-0.46875,1.1875,-0.21875,-0.5,0.96875,-0.03125,-0.3125,0.84375,0.5625,0.25,-1.625,0.09375,-0.125,2.46875,-0.46875,-0.34375,4.65625,-1.96875
0.234375,15,-0.5625,0.625,1.03125,-0.6875,1.1875,-0.1875,-0.75,0.96875,0.0,-0.40625,0.78125,0.75,0.25,-2.46875,0.15625,0.15625,2.78125,-0.34375,-0.34375,5.0,-2.40625
0.25,16,-0.3125,0.5,1.375,-0.6875,1.1875,-0.125,-0.71875,0.9375,0.03125,-0.4375,0.78125,0.75,-1.09375,-4.34375,0.15625,0.3125,2.71875,-0.3125,-0.15625,5.375,-2.90625
0.265625,17,0.15625,-0.03125,1.25,-0.53125,1.1875,-0.125,-0.53125,0.90625,0.0625,-0.3125,0.8125,0.59375,-1.65625,-4.125,0.1875,0.90625,2.75,-0.34375,-0.15625,5.5,-3.4375
0.28125,18,0.6875,-0.21875,1.21875,-0.28125,1.125,-0.09375,-0.3125,0.9375,0.0625,-0.15625,0.84375,0.40625,-1.65625,-3.34375,0.1875,1.21875,2.28125,-0.4375,-0.40625,5.65625,-3.8125
0.296875,19,0.8125,-0.09375,1.4375,-0.09375,1.03125,-0.03125,-0.125,1.0,0.03125,-0.09375,0.9375,0.3125,-0.46875,-3.0625,0.3125,1.5625,2.15625,-0.46875,-0.59375,5.375,-3.71875
0.3125,20,0.9375,0.1875,1.53125,0.09375,1.0,-0.03125,0.03125,1.03125,-0.03125,-0.0625,0.96875,0.15625,1.03125,-2.53125,0.5625,1.34375,2.0625,-0.5625,-0.78125,3.53125,-2.84375
0.328125,21,1.09375,0.15625,1.0625,0.25,1.0,-0.0625,0.21875,1.03125,-0.03125,0.03125,1.0,0.03125,2.03125,-2.59375,0.84375,1.0625,2.15625,-0.5,-0.90625,0.71875,-0.9375
0.34375,22,0.9375,-0.375,0.3125,0.3125,1.0,-0.0625,0.25,1.0625,-0.03125,0.28125,0.84375,-0.0625,1.84375,-3.125,0.84375,1.34375,2.125,-0.28125,-1.53125,-2.03125,0.5625
0.359375,23,0.625,-0.8125,-0.28125,0.3125,1.03125,-0.0625,0.25,1.03125,-0.03125,0.28125,0.6875,-0.0625,0.71875,-4.09375,1.125,0.875,1.375,-0.3125,-2.0,-2.09375,1.0625
0.375,24,0.5625,-0.6875,-0.21875,0.3125,0.96875,-0.0625,0.21875,1.0,-0.03125,0.25,0.65625,-0.03125,-0.0625,-3.84375,1.375,-0.25,0.34375,0.21875,-1.6875,-1.8125,1.15625
0.390625,25,0.71875,0.03125,0.15625,0.25,0.96875,-0.03125,0.21875,0.96875,-0.03125,0.09375,0.59375,-0.03125,-0.1875,-3.09375,1.125,-0.8125,-0.5,0.90625,-0.5625,-2.0625,1.375
0.40625,26,0.78125,0.59375,0.40625,0.25,0.9375,-0.03125,0.15625,0.9375,-0.03125,0.09375,0.53125,-0.03125,-0.1875,-2.65625,0.96875,-0.59375,-1.3125,1.34375,0.8125,-2.71875,1.625
0.421875,27,0.59375,0.53125,0.46875,0.21875,0.9375,-0.03125,0.15625,0.90625,0.0,0.125,0.5,-0.03125,0.03125,-2.46875,1.125,0.0625,-1.90625,1.5625,1.71875,-3.53125,1.8125
0.4375,28,0.28125,0.0625,0.3125,0.1875,0.90625,-0.03125,0.125,0.90625,0.0,0.09375,0.46875,0.0,0.5625,-2.375,1.15625,0.625,-2.53125,1.8125,1.84375,-4.1875,1.875
0.453125,29,0.03125,-0.46875,0.25,0.09375,0.90625,-0.03125,0.09375,0.875,0.03125,0.125,0.46875,0.03125,1.0625,-1.96875,1.09375,0.8125,-3.125,2.09375,1.625,-4.59375,2.03125
0.46875,30,0.03125,-0.46875,0.25,0.09375,0.875,-0.03125,0.0625,0.84375,0.03125,0.125,0.4375,0.0625,1.375,-1.46875,1.0625,0.5625,-3.6875,2.3125,1.375,-4.875,2.21875
0.484375,31,0.03125,-0.46875,0.25,0.0625,0.875,0.0,0.0625,0.84375,0.0625,0.0625,0.4375,0.0625,1.3125,-1.09375,1.03125,0.3125,-4.15625,2.4375,1.1875,-5.0,2.4375
0.5,32,0.03125,-0.46875,0.25,0.03125,0.84375,0.0,0.03125,0.8125,0.0625,0.09375,0.4375,0.09375,0.90625,-0.84375,0.9375,0.21875,-4.625,2.46875,1.125,-5.0625,2.65625
0.515625,33,0.03125,-0.46875,0.25,0.0,0.875,0.0,0.0,0.84375,0.09375,0.0625,0.40625,0.09375,0.4375,-0.65625,0.84375,0.21875,-5.03125,2.40625,1.125,-5.15625,2.6875
0.53125,34,0.03125,-0.46875,0.25,0.0,0.875,-0.03125,0.0,0.8125,0.0625,0.0625,0.4375,0.09375,-0.53125,-0.34375,0.78125,0.21875,-5.34375,2.375,1.1875,-5.28125,2.75
0.546875,35,0.03125,-0.46875,0.25,-0.0625,0.90625,0.0,-0.03125,0.8125,0.0625,0.03125,0.46875,0.125,-1.90625,-0.125,0.8125,-0.09375,-5.59375,2.34375,1.1875,-5.5625,2.78125
0.5625,36,0.03125,-0.46875,0.25,-0.03125,0.90625,0.0,0.0,0.84375,0.0625,0.125,0.5,0.09375,-3.09375,0.0625,0.84375,-0.5625,-5.71875,2.28125,0.875,-5.875,2.78125
0.578125,37,0.03125,-0.46875,0.25,-0.0625,0.9375,0.0,-0.03125,0.90625,0.09375,0.0625,0.53125,0.1875,-3.65625,-0.03125,0.8125,-0.96875,-5.84375,2.0625,0.5625,-5.9375,2.78125
0.59375,38,0.03125,-0.46875,0.25,-0.15625,1.0,0.03125,-0.125,0.9375,0.125,0.0625,0.5625,0.25,-3.3125,-0.53125,0.5,-1.0625,-5.625,1.65625,0.375,-5.78125,2.71875
0.609375,39,0.03125,-0.46875,0.25,-0.0625,1.03125,0.0625,-0.03125,1.03125,0.15625,0.125,0.625,0.25,-2.40625,-0.90625,0.1875,-0.96875,-5.03125,1.21875,0.15625,-5.5,2.25
0.625,40,-0.65625,-0.59375,-1.0625,-0.0625,1.09375,0.09375,0.0,1.0625,0.1875,0.125,0.71875,0.25,-1.09375,-0.84375,0.0,-0.84375,-4.3125,0.90625,-0.25,-4.9375,1.5
0.640625,41,-0.78125,-0.625,-1.21875,-0.0625,1.125,0.0625,-0.03125,1.15625,0.1875,0.125,0.8125,0.25,0.375,-0.5625,-0.09375,-1.0,-3.46875,0.8125,-0.9375,-3.4375,0.65625
0.65625,42,-0.65625,-0.6875,-0.90625,-0.0625,1.1875,0.09375,-0.03125,1.1875,0.1875,0.125,0.9375,0.3125,0.8125,0.125,0.03125,-1.0625,-2.59375,0.78125,-0.78125,-2.25,0.46875
0.671875,43,-0.5,-0.46875,-0.6875,-0.03125,1.21875,0.09375,0.0,1.25,0.21875,0.125,1.03125,0.34375,-0.09375,0.625,0.21875,-0.71875,-1.59375,0.46875,-0.0625,-1.34375,0.65625
0.6875,44,-0.28125,-0.3125,-0.5625,0.0625,1.21875,0.09375,0.0625,1.3125,0.21875,0.1875,1.15625,0.3125,-0.8125,0.0,0.0625,-0.25,-0.5625,0.1875,-0.25,-0.21875,0.375
0.703125,45,-0.25,0.0,-0.59375,0.15625,1.28125,0.125,0.15625,1.34375,0.21875,0.1875,1.28125,0.28125,-1.5625,-0.21875,-0.03125,-0.3125,0.46875,0.0,-1.84375,1.46875,-0.5625
0.71875,46,-0.28125,0.21875,-0.53125,0.09375,1.3125,0.09375,0.125,1.375,0.21875,0.1875,1.375,0.3125,-1.71875,0.28125,-0.03125,-0.875,1.5625,-0.1875,-2.3125,3.0625,-1.15625
0.734375,47,-0.34375,0.21875,-0.46875,0.0625,1.3125,0.09375,0.0625,1.40625,0.25,0.21875,1.4375,0.40625,-0.25,-0.03125,-0.25,-1.0625,2.09375,-0.625,-0.21875,3.8125,0.15625
0.75,48,-0.25,0.34375,-0.65625,0.15625,1.28125,0.125,0.125,1.4375,0.25,0.28125,1.625,0.375,0.03125,-1.1875,-0.3125,-1.5625,1.375,-0.96875,0.40625,4.8125,-0.4375
0.765625,49,0.0625,0.28125,-0.8125,0.25,1.28125,0.15625,0.25,1.46875,0.28125,0.34375,1.8125,0.3125,2.3125,2.75,-0.1875,-1.4375,1.78125,-0.5,0.15625,5.34375,-0.875
0.78125,50,-0.03125,-0.1875,-0.65625,0.4375,1.21875,0.1875,0.40625,1.53125,0.3125,0.5,2.0625,0.25,0.78125,0.1875,0.03125,-1.78125,2.28125,-0.25,0.09375,3.78125,-0.15625
0.796875,51,-0.1875,-0.78125,-0.21875,0.5625,0.96875,0.21875,0.46875,1.6875,0.3125,0.71875,2.34375,0.25,1.125,-0.09375,0.5,-2.125,2.3125,-0.15625,0.09375,1.0625,0.125
0.8125,52,-0.03125,-0.46875,0.09375,0.46875,0.40625,0.25,0.5625,1.96875,0.28125,0.8125,2.78125,0.21875,2.125,0.21875,0.5625,-2.71875,2.21875,0.125,0.34375,0.40625,0.03125
0.828125,53,-0.34375,-0.28125,0.15625,0.46875,-0.375,0.28125,0.625,2.40625,0.3125,0.875,3.15625,0.21875,4.46875,0.96875,0.09375,-0.40625,2.28125,-0.125,0.0,0.125,-0.125
0.84375,54,-0.15625,0.09375,0.21875,0.1875,-1.4375,0.375,0.5,2.96875,0.28125,0.9375,3.71875,0.40625,2.15625,0.6875,-0.25,2.15625,2.21875,-0.09375,-0.375,0.28125,-0.03125
0.859375,55,0.03125,-0.28125,0.03125,-0.0625,-2.34375,0.40625,0.3125,3.625,0.21875,0.90625,4.1875,0.6875,1.65625,1.1875,-0.8125,3.1875,2.125,-0.46875,-0.09375,0.125,0.0
0.875,56,0.5625,-0.15625,0.1875,-0.21875,-3.0625,0.40625,0.21875,4.15625,0.1875,0.4375,4.1875,0.78125,-0.8125,1.15625,-0.4375,0.9375,1.4375,-0.375,0.0,0.1875,-0.03125
0.890625,57,0.96875,0.59375,0.6875,-0.25,-3.34375,0.40625,0.125,4.25,0.15625,0.84375,3.75,0.90625,-1.65625,1.375,-0.3125,-3.0625,0.59375,-0.1875,-0.0625,0.15625,0.09375
0.90625,58,0.875,0.875,0.8125,-0.375,-3.40625,0.46875,0.03125,3.71875,0.125,0.625,3.375,0.71875,-1.75,1.53125,-0.46875,-4.9375,-0.15625,0.03125,-0.03125,0.15625,-0.03125
0.921875,59,0.21875,1.25,0.4375,-0.46875,-3.46875,0.4375,-0.09375,3.03125,0.125,-0.1875,2.5625,0.65625,-1.09375,1.65625,-0.5,-3.6875,0.0,-0.15625,-0.15625,0.21875,-0.09375
0.9375,60,-0.0625,1.78125,0.15625,-0.40625,-3.53125,0.40625,-0.09375,2.28125,0.0625,0.0625,1.75,0.46875,-0.4375,1.96875,-0.34375,-1.40625,-0.0625,-0.09375,-0.15625,0.21875,-0.125
0.953125,61,-0.03125,1.40625,-0.25,-0.375,-3.53125,0.375,-0.09375,1.5,0.0625,0.0625,0.96875,0.25,-0.375,2.125,-0.21875,-0.75,0.0,-0.09375,-0.09375,0.28125,0.0
0.96875,62,-0.03125,0.75,-0.53125,-0.34375,-3.46875,0.3125,-0.09375,0.75,0.03125,0.0,0.25,0.09375,-0.46875,1.8125,-0.40625,-0.5,-0.0625,-0.15625,-0.125,0.40625,0.0
0.984375,63,0.15625,0.625,-0.53125,-0.28125,-3.375,0.28125,-0.0625,0.0,0.0,0.0,-0.375,-0.03125,-0.34375,2.0,-0.34375,-0.6875,0.0,-0.15625,-0.09375,0.46875,-0.03125
1.0,64,0.03125,0.375,-0.75,-0.21875,-3.28125,0.25,-0.0625,-0.6875,0.0,0.0625,-1.0,-0.1875,-0.09375,2.03125,-0.3125,-0.625,0.09375,-0.21875,-0.03125,0.5625,-0.125
1.015625,65,-0.25,-0.15625,-0.78125,-0.09375,-3.15625,0.21875,0.0,-1.40625,0.0625,0.09375,-1.59375,-0.3125,0.21875,1.90625,-0.28125,-0.375,0.3125,-0.1875,-0.03125,0.65625,-0.15625
1.03125,66,-0.3125,-0.4375,-0.71875,0.03125,-3.0,0.15625,0.0625,-2.125,0.125,0.15625,-2.1875,-0.46875,0.53125,1.96875,-0.1875,-0.0625,0.4375,-0.15625,-0.03125,0.71875,-0.15625
1.046875,67,-0.25,-0.53125,-0.53125,0.15625,-2.8125,0.125,0.125,-2.75,0.1875,0.25,-2.71875,-0.5625,0.65625,1.90625,-0.28125,0.15625,0.46875,-0.15625,0.0625,0.71875,-0.125
1.0625,68,-0.15625,-0.4375,-0.3125,0.28125,-2.625,0.09375,0.1875,-3.3125,0.25,0.34375,-3.15625,-0.65625,0.78125,1.90625,-0.40625,0.1875,0.5625,-0.125,0.03125,0.625,-0.0625
1.078125,69,-0.15625,-0.25,-0.09375,0.40625,-2.40625,0.09375,0.21875,-3.8125,0.34375,0.46875,-3.59375,-0.75,0.9375,1.875,-0.53125,0.09375,0.59375,-0.125,0.0625,0.625,-0.0625
1.09375,70,-0.03125,0.09375,0.09375,0.59375,-2.09375,0.09375,0.3125,-4.34375,0.4375,0.59375,-3.96875,-0.875,0.9375,1.84375,-0.6875,0.1875,0.59375,-0.125,0.0625,0.53125,-0.09375
1.109375,71,0.0,0.1875,0.15625,0.84375,-1.71875,0.0,0.46875,-4.90625,0.53125,0.75,-4.40625,-1.03125,0.65625,1.71875,-0.71875,0.28125,0.59375,-0.125,0.03125,0.4375,-0.0625
1.125,72,-0.03125,0.09375,0.125,1.09375,-1.25,-0.03125,0.65625,-5.46875,0.625,0.90625,-4.84375,-1.25,0.03125,1.84375,-0.6875,0.40625,0.53125,-0.09375,0.0,0.40625,-0.125
1.140625,73,-0.03125,0.0625,0.03125,1.34375,-0.75,-0.09375,0.84375,-5.9375,0.6875,1.0625,-5.25,-1.40625,-0.6875,1.875,-0.90625,0.5625,0.4375,-0.0625,-0.09375,0.28125,-0.1875
1.15625,74,-0.09375,0.1875,-0.09375,1.5625,-0.28125,-0.0625,1.0625,-6.375,0.71875,1.1875,-5.59375,-1.65625,-1.03125,1.875,-0.8125,0.65625,0.4375,-0.03125,-0.09375,0.28125,-0.1875
1.171875,75,-0.0625,0.28125,-0.1875,1.78125,0.1875,-0.0625,1.21875,-6.6875,0.6875,1.28125,-5.875,-1.90625,-1.125,1.84375,-0.40625,0.375,0.46875,-0.09375,-0.15625,0.0,-0.25
1.1875,76,0.03125,0.34375,-0.28125,1.84375,0.53125,-0.0625,1.21875,-6.84375,0.6875,1.3125,-6.125,-1.90625,-0.84375,1.75,-0.3125,0.09375,0.5,-0.125,-0.25,-0.0625,-0.28125
1.203125,77,0.15625,0.375,-0.21875,1.90625,0.71875,0.0625,1.375,-6.78125,0.5,1.21875,-6.1875,-2.1875,-0.59375,1.65625,-0.3125,0.03125,0.5625,-0.125,-0.25,-0.0625,-0.3125
1.21875,78,0.1875,0.1875,-0.09375,1.625,0.71875,0.15625,1.15625,-6.46875,0.3125,0.90625,-6.09375,-2.03125,-0.46875,1.53125,-0.375,0.15625,0.5625,-0.125,-0.25,-0.0625,-0.3125
1.234375,79,0.0,-0.03125,0.09375,0.65625,0.59375,0.15625,0.3125,-5.90625,0.125,0.375,-5.75,-1.3125,-0.09375,1.5,-0.34375,0.09375,0.59375,-0.125,-0.21875,-0.03125,-0.25
1.25,80,-0.1875,-0.28125,0.5,-0.6875,0.1875,0.03125,-0.96875,-4.875,0.0625,-0.40625,-5.03125,-0.09375,0.28125,1.53125,-0.21875,0.0625,0.78125,-0.1875,-0.1875,0.0625,-0.1875
1.265625,81,-0.34375,-0.375,0.78125,-2.09375,-0.875,-0.15625,-2.28125,-3.15625,0.09375,-0.96875,-3.65625,1.28125,0.09375,1.4375,-0.21875,0.28125,0.71875,-0.1875,-0.125,0.09375,-0.15625
1.28125,82,-0.65625,-0.53125,0.71875,-3.625,-1.15625,-0.40625,-3.6875,-1.6875,0.15625,-1.90625,-2.28125,2.8125,-0.40625,1.5625,-0.28125,0.1875,0.75,-0.21875,-0.15625,0.125,-0.21875
1.296875,83,-0.78125,-0.15625,0.75,-4.53125,-0.40625,-0.53125,-4.65625,-1.0,0.1875,-2.375,-1.78125,3.75,-0.34375,1.65625,-0.34375,0.03125,0.78125,-0.21875,-0.1875,0.21875,-0.21875
1.3125,84,-0.46875,-0.09375,0.78125,-4.59375,-0.125,-0.71875,-4.71875,-0.40625,0.28125,-2.34375,-1.125,3.96875,-0.0625,1.5625,-0.40625,-0.09375,0.96875,-0.34375,-0.1875,0.40625,-0.28125
1.328125,85,0.0,-0.46875,0.6875,-3.75,0.15625,-0.625,-3.84375,0.03125,0.15625,-1.96875,-0.5625,3.25,0.15625,0.84375,-0.25,0.03125,1.0625,-0.28125,-0.28125,0.59375,-0.4375
1.34375,86,0.1875,-0.625,0.5,-2.09375,0.3125,-0.53125,-2.1875,0.28125,-0.0625,-1.25,-0.03125,1.8125,0.21875,0.375,0.03125,0.375,1.21875,-0.3125,-0.25,0.90625,-0.5625
1.359375,87,0.28125,-0.21875,0.15625,-0.21875,0.5,-0.375,-0.3125,0.46875,-0.3125,-0.375,0.40625,0.125,0.15625,0.3125,0.25,0.5625,1.375,-0.3125,-0.3125,1.1875,-0.65625
1.375,88,0.8125,0.59375,0.25,1.15625,0.71875,-0.21875,1.09375,0.71875,-0.46875,0.28125,0.875,-1.03125,0.75,0.78125,0.15625,0.375,1.53125,-0.375,-0.25,1.4375,-0.65625
1.390625,89,0.75,0.96875,0.3125,1.75,1.0,-0.1875,1.65625,1.0,-0.46875,0.75,1.0,-1.40625,1.53125,0.90625,0.09375,0.1875,1.65625,-0.40625,-0.28125,1.6875,-0.65625
1.40625,90,0.34375,0.71875,0.46875,1.15625,0.75,-0.1875,1.125,0.6875,-0.34375,0.125,2.125,-0.6875,1.90625,0.78125,-0.03125,0.21875,1.8125,-0.40625,-0.21875,1.96875,-0.65625
1.421875,91,-0.21875,-0.25,0.75,0.03125,0.78125,-0.1875,0.0625,1.09375,-0.09375,-0.0625,1.71875,0.25,1.9375,0.75,-0.125,0.03125,1.90625,-0.375,-0.15625,2.3125,-0.65625
1.4375,92,-0.34375,-1.4375,0.46875,-1.15625,1.09375,-0.1875,-0.96875,1.28125,0.0625,-0.71875,1.28125,1.03125,1.25,0.53125,-0.15625,-0.375,2.125,-0.4375,-0.0625,2.8125,-0.6875
1.453125,93,0.15625,-2.09375,-0.625,-1.15625,1.1875,-0.15625,-1.1875,1.3125,-0.03125,-0.78125,1.1875,1.125,0.71875,0.0,0.0625,-0.59375,2.40625,-0.40625,-0.03125,3.40625,-1.03125
1.46875,94,-0.09375,0.625,-1.40625,-0.625,1.03125,-0.15625,-0.75,1.21875,-0.125,-0.71875,1.25,0.75,0.46875,-0.78125,0.15625,-0.3125,2.71875,-0.28125,-0.03125,4.0625,-1.5625
1.484375,95,0.03125,2.34375,-1.28125,-0.1875,1.125,-0.15625,-0.21875,1.09375,-0.125,-0.28125,1.15625,0.3125,0.46875,-1.40625,0.28125,0.3125,2.96875,-0.125,0.09375,4.6875,-2.21875
1.5,96,0.15625,1.34375,-1.125,-0.21875,1.28125,-0.15625,-0.25,1.0,-0.03125,-0.125,1.0,0.375,0.5625,-2.09375,0.34375,0.90625,3.15625,0.0625,0.125,5.34375,-2.75
1.515625,97,-0.6875,0.15625,0.09375,-0.53125,1.34375,-0.09375,-0.5625,1.0,0.09375,-0.28125,0.875,0.65625,0.0625,-3.59375,0.34375,1.34375,3.3125,0.21875,-0.15625,5.9375,-3.375
1.53125,98,-1.25,-0.03125,1.09375,-0.53125,1.1875,-0.0625,-0.53125,1.03125,0.09375,-0.3125,0.90625,0.625,-0.65625,-4.71875,0.28125,1.65625,3.21875,0.21875,-0.375,6.40625,-3.84375
1.546875,99,-0.59375,0.1875,1.40625,-0.15625,1.09375,-0.0625,-0.21875,1.0625,0.0,-0.125,0.96875,0.34375,-0.34375,-4.0625,0.34375,2.28125,2.9375,-0.0625,-0.6875,6.65625,-4.0
1.5625,100,0.3125,0.25,1.0,0.1875,1.0625,-0.03125,0.125,1.03125,0.0,0.0625,0.96875,0.09375,0.125,-3.3125,0.53125,2.1875,2.40625,-0.28125,-0.34375,6.46875,-3.5625
1.578125,101,0.8125,-0.03125,0.625,0.21875,1.0,-0.03125,0.15625,1.03125,0.0,0.09375,0.9375,0.0625,0.59375,-2.8125,0.78125,1.8125,2.40625,-0.625,0.75,3.8125,-2.5
1.59375,102,1.03125,-0.15625,0.46875,0.1875,0.96875,0.03125,0.15625,1.03125,0.0,0.03125,0.9375,0.09375,0.4375,-2.96875,1.09375,1.4375,2.46875,-0.5625,0.3125,0.9375,-0.71875
1.609375,103,0.71875,-0.03125,0.21875,0.25,0.9375,0.0,0.21875,0.96875,0.03125,0.09375,0.9375,0.03125,0.03125,-3.90625,1.28125,1.71875,2.25,-0.4375,-1.875,-1.71875,0.75
1.625,104,0.375,-0.25,0.09375,0.28125,0.9375,0.03125,0.25,0.9375,0.03125,0.1875,0.875,0.03125,-0.0625,-4.625,1.28125,1.125,1.46875,-0.4375,-2.375,-2.0,1.625
1.640625,105,0.28125,-0.625,0.25,0.21875,0.90625,0.03125,0.15625,0.9375,0.09375,0.0625,0.875,0.09375,-0.34375,-3.9375,1.34375,-0.15625,0.53125,0.0625,-1.5625,-1.9375,2.03125
1.65625,106,0.28125,-1.03125,0.34375,0.25,0.9375,0.03125,0.21875,0.9375,0.0625,0.25,0.71875,0.0,-0.75,-3.15625,1.1875,-0.6875,-0.4375,0.71875,-0.40625,-2.1875,2.1875
1.671875,107,0.28125,-0.8125,0.34375,0.25,0.90625,0.0625,0.21875,0.9375,0.0625,0.28125,0.65625,0.0,-0.90625,-2.9375,1.0625,-0.34375,-1.28125,1.15625,0.8125,-2.90625,2.0625
1.6875,108,0.28125,0.0,0.1875,0.21875,0.90625,0.0625,0.1875,0.90625,0.09375,0.21875,0.625,0.0,-0.5625,-2.9375,1.03125,0.25,-2.03125,1.4375,1.5,-3.71875,1.75
1.703125,109,0.28125,0.375,0.09375,0.21875,0.90625,0.0625,0.1875,0.90625,0.09375,0.21875,0.59375,0.03125,0.21875,-2.65625,0.90625,0.53125,-2.6875,1.71875,1.71875,-4.375,1.46875
1.71875,110,0.3125,0.125,0.3125,0.15625,0.9375,0.09375,0.15625,0.875,0.125,0.125,0.53125,0.0625,0.71875,-2.40625,0.84375,0.4375,-3.3125,2.0625,1.6875,-4.75,1.375
1.734375,111,0.28125,-0.3125,0.65625,0.0625,0.9375,0.0625,0.09375,0.875,0.15625,0.125,0.53125,0.125,0.71875,-2.21875,0.71875,0.25,-3.90625,2.28125,1.75,-4.9375,1.5625
1.75,112,0.15625,-0.5625,0.78125,0.09375,0.9375,0.0625,0.09375,0.875,0.15625,0.15625,0.5,0.125,0.625,-1.875,0.6875,0.40625,-4.40625,2.28125,1.75,-5.125,1.90625
1.765625,113,0.0625,-0.375,0.6875,0.03125,0.96875,0.09375,0.0625,0.90625,0.15625,0.125,0.5,0.125,0.4375,-1.46875,0.65625,0.90625,-4.71875,2.09375,1.59375,-5.4375,2.1875
1.78125,114,-0.03125,-0.03125,0.34375,0.0625,0.96875,0.09375,0.09375,0.90625,0.15625,0.15625,0.4375,0.09375,-0.09375,-0.90625,0.6875,1.0625,-5.0,1.96875,1.25,-5.625,2.28125
1.796875,115,-0.03125,0.0625,0.0,0.0625,1.0,0.09375,0.09375,0.90625,0.1875,0.15625,0.46875,0.09375,-1.1875,-0.40625,0.78125,0.65625,-5.34375,1.875,0.84375,-5.6875,2.21875
1.8125,116,-0.0625,-0.0625,-0.1875,-0.03125,1.0,0.09375,0.03125,0.9375,0.21875,0.125,0.5,0.15625,-2.34375,-0.21875,0.84375,-0.40625,-5.6875,1.875,0.53125,-5.65625,2.1875
1.828125,117,-0.125,-0.28125,-0.25,-0.0625,1.03125,0.09375,0.0,0.9375,0.21875,0.15625,0.5,0.1875,-2.84375,-0.1875,0.875,-1.25,-5.9375,1.8125,0.25,-5.75,2.3125
1.84375,118,-0.15625,-0.40625,-0.28125,-0.0625,1.03125,0.09375,0.0,0.96875,0.21875,0.15625,0.53125,0.21875,-2.3125,-0.09375,0.71875,-1.53125,-6.0625,1.65625,0.21875,-5.8125,2.5
1.859375,119,-0.25,-0.5,-0.34375,-0.0625,1.09375,0.125,-0.03125,1.03125,0.25,0.1875,0.53125,0.25,-1.46875,0.03125,0.3125,-1.40625,-5.96875,1.375,0.21875,-5.8125,2.625
1.875,120,-0.40625,-0.5,-0.5625,-0.0625,1.09375,0.125,-0.03125,1.0625,0.28125,0.15625,0.625,0.28125,-0.5625,-0.3125,-0.21875,-1.34375,-5.53125,0.96875,0.15625,-5.65625,2.59375
1.890625,121,-0.59375,-0.46875,-0.8125,0.0,1.125,0.1875,0.0625,1.125,0.28125,0.34375,0.71875,0.25,0.25,-0.5,-0.71875,-1.21875,-4.8125,0.625,-0.0625,-5.28125,2.0625
1.90625,122,-0.78125,-0.46875,-1.0,0.03125,1.1875,0.21875,0.09375,1.1875,0.3125,0.3125,0.8125,0.25,0.40625,-0.28125,-0.96875,-1.0,-3.9375,0.34375,-0.5625,-4.4375,1.3125
1.921875,123,-0.84375,-0.78125,-1.1875,-0.0625,1.25,0.21875,-0.03125,1.25,0.3125,0.21875,0.84375,0.34375,-0.0625,0.375,-0.6875,-0.625,-3.09375,0.34375,-0.84375,-3.1875,0.71875
1.9375,124,-0.78125,-0.96875,-1.28125,-0.0625,1.28125,0.1875,-0.03125,1.28125,0.34375,0.21875,0.9375,0.375,-0.9375,0.28125,-0.09375,0.15625,-2.15625,0.34375,-0.25,-2.0,0.4375
1.953125,125,-0.75,-0.75,-1.15625,-0.03125,1.3125,0.21875,0.03125,1.3125,0.34375,0.25,1.0,0.375,-1.5625,-0.59375,-0.03125,0.40625,-1.25,0.15625,0.65625,-1.28125,0.25
1.96875,126,-0.5,-0.375,-0.96875,0.09375,1.34375,0.21875,0.09375,1.34375,0.34375,0.25,1.125,0.34375,-1.625,-0.15625,-0.125,0.09375,-0.40625,0.0,0.21875,0.40625,-0.46875
1.984375,127,-0.46875,0.0,-1.0625,0.15625,1.34375,0.28125,0.15625,1.40625,0.375,0.25,1.28125,0.375,-1.1875,0.84375,-0.125,-0.5,0.6875,-0.125,-1.53125,2.4375,-1.1875
2.0,128,-0.46875,0.0625,-0.96875,0.09375,1.375,0.25,0.125,1.4375,0.40625,0.3125,1.375,0.40625,-0.625,0.6875,-0.25,-0.53125,1.8125,-0.3125,-0.5625,3.875,-1.0
2.015625,129,-0.25,0.125,-0.625,0.09375,1.375,0.28125,0.15625,1.46875,0.40625,0.40625,1.53125,0.4375,1.0625,-1.15625,-0.40625,-0.28125,1.5625,-0.65625,0.4375,4.53125,-0.71875
2.03125,130,0.28125,0.4375,-0.5,0.34375,1.375,0.28125,0.34375,1.46875,0.4375,0.4375,1.71875,0.3125,1.1875,1.71875,-0.5,-0.65625,1.46875,-0.625,0.09375,5.84375,-1.375
2.046875,131,0.375,0.28125,-0.625,0.5,1.3125,0.3125,0.5,1.5,0.4375,0.65625,1.96875,0.25,2.75,0.8125,-0.28125,-0.96875,2.25,-0.1875,0.03125,4.46875,-0.53125
2.0625,132,0.15625,-0.21875,-0.125,0.59375,1.15625,0.34375,0.5625,1.5625,0.40625,0.8125,2.21875,0.1875,1.09375,-0.125,0.3125,-1.59375,2.53125,-0.25,0.0625,3.21875,-0.25
2.078125,133,-0.21875,-0.125,0.09375,0.5625,0.78125,0.375,0.59375,1.71875,0.40625,0.90625,2.4375,0.1875,2.03125,0.1875,1.0,-1.75,2.5625,0.15625,0.15625,0.5625,-0.1875
2.09375,134,-0.25,-0.03125,0.1875,0.46875,0.21875,0.40625,0.59375,2.03125,0.375,1.0625,2.8125,0.15625,5.28125,0.5,0.3125,-0.40625,2.75,-0.03125,0.125,0.46875,0.21875
2.109375,135,-0.34375,-0.21875,0.0625,0.4375,-0.5625,0.4375,0.71875,2.40625,0.40625,0.96875,3.0625,0.1875,4.6875,0.90625,0.1875,2.09375,2.65625,-0.34375,0.15625,0.09375,-0.03125
2.125,136,-0.0625,-0.125,0.0625,0.09375,-1.5,0.46875,0.5,3.0,0.375,0.9375,3.5,0.4375,3.125,1.21875,-0.71875,2.53125,2.375,-0.5,-0.03125,0.1875,0.0
2.140625,137,0.0625,-0.5625,0.0625,-0.09375,-2.25,0.4375,0.3125,3.53125,0.34375,0.875,3.875,0.71875,0.25,1.1875,-0.8125,1.125,1.75,-0.4375,-0.09375,0.09375,0.125
2.15625,138,0.5,-0.125,0.34375,-0.21875,-2.8125,0.40625,0.15625,4.03125,0.3125,0.4375,4.0,0.8125,-1.6875,0.90625,-0.40625,-0.4375,1.09375,-0.40625,0.0625,0.125,0.125
2.171875,139,0.75,0.59375,0.59375,-0.1875,-3.09375,0.375,0.15625,3.9375,0.1875,0.125,3.65625,0.6875,-2.4375,1.1875,-0.46875,-1.59375,0.75,-0.3125,0.15625,0.21875,0.25
2.1875,140,0.71875,0.71875,0.53125,-0.0625,-3.25,0.25,0.34375,3.40625,0.0625,0.09375,2.96875,0.3125,-1.96875,1.34375,-0.53125,-2.59375,0.46875,-0.1875,0.21875,0.1875,0.25
2.203125,141,0.4375,1.46875,0.34375,0.09375,-3.34375,0.09375,0.5,2.75,0.0,0.40625,2.3125,0.0625,-1.1875,1.5625,-0.53125,-1.75,0.40625,-0.25,0.03125,0.15625,0.125
2.21875,142,0.375,2.09375,0.125,0.21875,-3.4375,-0.03125,0.625,2.0625,-0.0625,0.34375,1.65625,-0.25,-0.78125,1.59375,-0.4375,-0.90625,0.40625,-0.15625,0.0,0.15625,0.03125
2.234375,143,0.5,1.96875,-0.125,0.25,-3.40625,-0.125,0.6875,1.3125,-0.09375,0.3125,0.9375,-0.46875,-0.5625,1.78125,-0.4375,-0.40625,0.28125,-0.15625,0.0,0.21875,0.0625
2.25,144,0.5,1.09375,-0.40625,0.15625,-3.34375,-0.1875,0.5625,0.59375,-0.125,0.28125,0.28125,-0.53125,-0.46875,1.75,-0.34375,-0.5,0.21875,-0.1875,0.03125,0.3125,0.09375
2.265625,145,0.34375,0.375,-0.59375,0.0625,-3.1875,-0.15625,0.40625,-0.125,-0.125,0.15625,-0.375,-0.53125,-0.25,1.84375,-0.25,-0.75,0.15625,-0.21875,0.03125,0.3125,0.15625
2.28125,146,0.03125,0.0,-0.5625,-0.03125,-3.03125,-0.09375,0.3125,-0.78125,-0.125,0.09375,-0.96875,-0.5625,0.03125,2.0,-0.1875,-0.71875,0.25,-0.25,0.09375,0.34375,0.15625
2.296875,147,-0.03125,-0.3125,-0.46875,-0.0625,-2.90625,-0.09375,0.1875,-1.40625,-0.15625,0.0,-1.53125,-0.59375,0.34375,1.96875,-0.3125,-0.0625,0.375,-0.25,0.1875,0.40625,0.09375
2.3125,148,-0.125,-0.3125,-0.28125,-0.0625,-2.78125,-0.0625,0.15625,-2.0625,-0.125,0.0,-2.0625,-0.65625,0.6875,2.0,-0.4375,0.65625,0.5,-0.21875,0.28125,0.46875,0.09375
2.328125,149,-0.125,-0.125,-0.03125,-0.0625,-2.625,-0.0625,0.09375,-2.625,-0.09375,0.0,-2.5625,-0.6875,0.90625,1.90625,-0.5625,0.96875,0.53125,-0.21875,0.34375,0.46875,0.09375
2.34375,150,0.03125,0.03125,0.0625,0.0,-2.5,-0.03125,0.09375,-3.15625,-0.0625,0.0625,-3.0,-0.71875,1.15625,1.96875,-0.6875,0.96875,0.59375,-0.1875,0.28125,0.46875,0.09375
2.359375,151,0.0625,0.03125,0.1875,0.09375,-2.28125,0.0,0.09375,-3.625,0.0,0.09375,-3.375,-0.78125,1.25,1.96875,-0.78125,0.875,0.59375,-0.15625,0.25,0.40625,0.09375
2.375,152,0.0,-0.0625,0.28125,0.21875,-2.0,-0.0625,0.1875,-4.125,0.09375,0.1875,-3.78125,-0.875,1.1875,2.03125,-0.90625,1.09375,0.5,-0.125,0.21875,0.3125,0.0
2.390625,153,-0.03125,-0.09375,0.21875,0.40625,-1.6875,-0.09375,0.28125,-4.625,0.1875,0.3125,-4.1875,-1.03125,0.8125,2.03125,-0.90625,1.09375,0.1875,-0.03125,0.1875,0.25,-0.0625
2.40625,154,-0.15625,-0.03125,0.25,0.65625,-1.34375,-0.125,0.46875,-5.09375,0.25,0.5,-4.53125,-1.1875,0.15625,1.96875,-0.90625,1.0,0.21875,-0.09375,0.09375,0.125,-0.09375
2.421875,155,-0.09375,0.03125,0.09375,0.9375,-0.96875,-0.15625,0.65625,-5.53125,0.34375,0.625,-4.90625,-1.375,-0.71875,1.875,-0.84375,0.5625,0.28125,-0.125,0.0,-0.03125,-0.15625
2.4375,156,-0.125,0.125,-0.09375,1.15625,-0.59375,-0.125,0.78125,-5.875,0.40625,0.78125,-5.25,-1.5625,-1.4375,1.78125,-0.65625,0.03125,0.3125,-0.15625,-0.125,-0.15625,-0.21875
2.453125,157,-0.1875,0.0625,-0.3125,1.375,-0.21875,-0.125,0.96875,-6.21875,0.4375,0.90625,-5.53125,-1.71875,-1.28125,1.3125,-0.5,-0.28125,0.4375,-0.15625,-0.25,-0.21875,-0.28125
2.46875,158,-0.15625,0.03125,-0.3125,1.53125,0.125,-0.15625,1.09375,-6.4375,0.46875,1.03125,-5.78125,-1.84375,-0.90625,1.28125,-0.25,-0.1875,0.5,-0.1875,-0.375,-0.28125,-0.40625
2.484375,159,-0.09375,0.03125,-0.1875,1.75,0.40625,-0.03125,1.25,-6.5,0.4375,1.09375,-5.90625,-2.0625,-0.5625,1.40625,-0.25,-0.03125,0.53125,-0.21875,-0.59375,-0.34375,-0.59375
2.5,160,-0.0625,0.0625,0.0,1.71875,0.46875,0.0625,1.3125,-6.3125,0.28125,1.0,-5.84375,-2.15625,-0.5625,1.3125,-0.375,-0.34375,0.5625,-0.21875,-0.75,-0.40625,-0.8125
2.515625,161,-0.375,-0.03125,0.0,1.1875,0.5,0.09375,0.8125,-5.9375,0.15625,0.625,-5.6875,-1.78125,-0.9375,1.46875,-0.34375,-0.71875,0.5625,-0.25,-0.71875,-0.375,-0.75
2.53125,162,-0.3125,-0.21875,0.125,0.15625,0.3125,0.09375,-0.15625,-5.25,0.03125,0.0625,-5.21875,-0.90625,-0.78125,1.6875,-0.25,-0.71875,0.53125,-0.28125,-0.625,-0.3125,-0.59375
2.546875,163,-0.40625,-0.5625,0.21875,-1.15625,-0.46875,-0.09375,-1.3125,-3.8125,-0.03125,-0.65625,-3.9375,0.34375,-0.25,2.03125,-0.1875,-0.53125,0.5,-0.3125,-0.5,-0.1875,-0.5
2.5625,164,-0.5625,-0.96875,0.28125,-2.53125,-1.3125,-0.3125,-2.625,-2.03125,0.0625,-1.375,-2.3125,1.84375,0.0625,2.15625,-0.3125,-0.5625,0.5625,-0.34375,-0.34375,-0.03125,-0.4375
2.578125,165,-0.875,-0.59375,0.5,-3.78125,-0.5625,-0.40625,-3.875,-1.21875,0.09375,-2.09375,-1.8125,3.0,-0.0625,1.90625,-0.5,-0.6875,0.71875,-0.4375,-0.28125,0.125,-0.34375
2.59375,166,-0.71875,-0.34375,0.71875,-4.1875,-0.21875,-0.625,-4.25,-0.5,0.28125,-2.15625,-1.1875,3.59375,-0.3125,1.53125,-0.40625,-0.75,0.8125,-0.46875,-0.28125,0.34375,-0.375
2.609375,167,-0.28125,-0.46875,0.46875,-3.75,0.15625,-0.53125,-3.875,0.0,0.25,-1.90625,-0.625,3.3125,-0.40625,0.96875,-0.28125,-0.625,1.03125,-0.53125,-0.28125,0.625,-0.4375
2.625,168,-0.0625,-0.40625,0.46875,-2.5625,0.375,-0.40625,-2.625,0.3125,0.15625,-1.3125,-0.125,2.3125,-0.0625,0.53125,-0.09375,-0.28125,1.28125,-0.53125,-0.34375,1.0,-0.625
2.640625,169,0.03125,0.1875,0.28125,-0.9375,0.59375,-0.1875,-1.0,0.53125,-0.03125,-0.5,0.375,0.875,0.4375,0.3125,0.0,0.0,1.5,-0.5625,-0.21875,1.4375,-0.6875
2.65625,170,0.40625,0.71875,0.21875,0.46875,0.84375,-0.0625,0.34375,0.8125,-0.125,0.28125,1.4375,-0.03125,0.8125,0.34375,0.0,0.03125,1.65625,-0.59375,-0.25,1.84375,-0.71875
2.671875,171,0.59375,0.59375,0.28125,0.25,1.0,-0.15625,0.1875,0.84375,-0.1875,-0.34375,2.0,0.1875,1.1875,0.375,-0.125,-0.15625,1.90625,-0.625,-0.25,2.28125,-0.625
2.6875,172,0.15625,-0.28125,0.4375,-0.1875,0.90625,-0.28125,-0.09375,1.09375,-0.15625,0.28125,1.53125,0.28125,1.3125,0.34375,-0.28125,-0.28125,2.03125,-0.65625,-0.15625,2.78125,-0.53125
2.703125,173,-0.40625,-1.0625,0.25,-0.40625,1.1875,-0.21875,-0.5,1.15625,-0.125,-0.375,1.25,0.5625,1.03125,0.21875,-0.34375,-0.625,2.28125,-0.65625,-0.3125,3.3125,-0.625
2.71875,174,-0.34375,-1.8125,-0.4375,-0.8125,1.40625,-0.21875,-0.96875,1.21875,-0.125,-0.75,1.125,0.90625,0.625,-0.1875,-0.25,-0.75,2.65625,-0.65625,-0.40625,4.0,-0.84375
2.734375,175,-0.40625,0.4375,-1.0625,-0.78125,1.15625,-0.15625,-0.9375,1.21875,-0.09375,-0.8125,1.28125,0.875,0.34375,-0.84375,-0.03125,-0.4375,3.03125,-0.5625,-0.0625,4.6875,-1.28125
2.75,176,-0.28125,2.53125,-0.9375,-0.5,1.03125,-0.09375,-0.5625,1.1875,-0.03125,-0.34375,1.28125,0.625,0.3125,-1.46875,0.125,0.25,3.4375,-0.4375,0.40625,5.40625,-1.96875
2.765625,177,-0.03125,1.6875,-0.84375,-0.28125,1.21875,-0.125,-0.28125,1.125,0.03125,-0.0625,1.125,0.46875,0.8125,-2.53125,0.34375,0.96875,3.53125,-0.28125,0.40625,6.03125,-2.84375
2.78125,178,-0.71875,0.0625,0.0625,-0.28125,1.25,-0.0625,-0.28125,1.0625,0.0625,-0.09375,1.03125,0.46875,0.78125,-4.09375,0.375,1.40625,3.375,-0.09375,-0.21875,6.40625,-3.8125
2.796875,179,-0.84375,-0.25,1.25,-0.34375,1.21875,-0.0625,-0.34375,1.0625,0.0625,-0.21875,0.9375,0.46875,0.125,-4.75,0.34375,2.09375,3.1875,-0.09375,-0.96875,6.375,-4.53125
2.8125,180,-0.34375,0.03125,1.3125,-0.09375,1.15625,-0.0625,-0.15625,1.0,0.03125,-0.09375,0.875,0.28125,0.5,-3.71875,0.46875,2.1875,2.5625,-0.1875,-1.15625,6.46875,-4.78125
2.828125,181,0.28125,0.125,0.65625,0.0,1.03125,-0.03125,0.0,1.0,0.03125,0.03125,0.9375,0.21875,1.09375,-2.9375,0.65625,2.125,2.5625,-0.53125,-1.21875,5.5,-4.125
2.84375,182,0.625,-0.15625,0.375,-0.0625,1.03125,0.0,-0.03125,1.0,0.09375,0.0,0.90625,0.25,1.0625,-2.59375,0.96875,1.375,2.15625,-0.59375,0.96875,2.6875,-2.34375
2.859375,183,0.84375,-0.28125,0.53125,-0.03125,1.0,0.0,-0.03125,1.0,0.09375,0.0,0.90625,0.25,0.3125,-2.71875,1.34375,1.3125,2.28125,-0.5625,0.40625,-0.5,-0.46875
2.875,184,0.5625,-0.375,0.46875,0.0625,0.96875,0.0,0.03125,1.0,0.09375,0.0625,0.875,0.1875,-0.6875,-3.6875,1.21875,1.4375,2.0625,-0.53125,-1.09375,-1.59375,0.8125
2.890625,185,0.125,-0.46875,0.25,0.09375,0.9375,-0.03125,0.0625,1.0,0.09375,0.09375,0.875,0.15625,-1.09375,-4.21875,1.125,0.4375,1.21875,-0.34375,-1.8125,-1.34375,1.59375
2.90625,186,0.0625,-0.53125,0.28125,0.09375,0.96875,0.0,0.09375,1.0,0.0625,0.25,0.8125,0.125,-1.0,-3.65625,1.09375,-0.71875,0.28125,0.1875,-1.65625,-1.0625,1.9375
2.921875,187,0.28125,-0.4375,0.40625,0.25,0.96875,0.0,0.21875,0.96875,0.0625,0.3125,0.75,0.0,-0.71875,-3.21875,1.0,-1.1875,-0.5625,0.65625,-0.84375,-1.09375,2.15625
2.9375,188,0.4375,0.0,0.28125,0.3125,0.9375,0.0,0.25,0.96875,0.0625,0.34375,0.71875,-0.0625,-0.25,-2.875,0.9375,-1.25,-1.28125,0.96875,0.0,-1.71875,2.21875
2.953125,189,0.46875,0.3125,0.0625,0.3125,0.96875,0.03125,0.28125,0.9375,0.0625,0.28125,0.6875,-0.03125,0.0625,-2.625,1.0,-0.8125,-1.84375,1.0625,0.53125,-2.5625,2.125
2.96875,190,0.53125,0.1875,0.125,0.3125,0.96875,0.0625,0.28125,0.9375,0.0625,0.28125,0.65625,-0.03125,0.21875,-2.375,1.0,-0.46875,-2.40625,1.28125,0.65625,-3.40625,1.9375
2.984375,191,0.53125,-0.25,0.3125,0.28125,0.96875,0.0625,0.25,0.9375,0.0625,0.25,0.65625,-0.03125,0.3125,-2.125,1.03125,-0.40625,-2.96875,1.53125,0.59375,-4.0,1.78125
3.0,192,0.53125,-0.46875,0.4375,0.1875,0.96875,0.0625,0.1875,0.9375,0.09375,0.15625,0.59375,0.03125,0.34375,-1.9375,1.03125,-0.59375,-3.5,1.78125,0.59375,-4.40625,1.71875
3.015625,193,0.5,-0.53125,0.46875,0.09375,1.0,0.09375,0.09375,0.9375,0.125,0.125,0.53125,0.09375,0.28125,-1.71875,0.9375,-0.65625,-4.0,1.875,0.8125,-4.59375,1.75
3.03125,194,0.28125,-0.40625,0.375,0.09375,1.0,0.09375,0.09375,0.90625,0.15625,0.1875,0.46875,0.09375,0.0,-1.40625,0.84375,-0.1875,-4.4375,1.875,1.0625,-4.8125,1.75
3.046875,195,0.03125,-0.15625,0.21875,0.03125,1.0,0.0625,0.0625,0.875,0.1875,0.15625,0.46875,0.09375,-0.34375,-1.09375,0.75,0.5,-4.75,1.8125,1.15625,-5.125,1.71875
3.0625,196,-0.15625,-0.125,0.15625,0.03125,1.03125,0.09375,0.0625,0.90625,0.15625,0.1875,0.5,0.125,-0.75,-0.71875,0.65625,0.90625,-5.0625,1.875,1.15625,-5.34375,1.6875
3.078125,197,-0.15625,-0.125,0.03125,0.03125,1.03125,0.09375,0.0625,0.90625,0.1875,0.15625,0.46875,0.125,-1.15625,-0.53125,0.625,1.0625,-5.3125,1.90625,1.1875,-5.5,1.6875
3.09375,198,-0.125,-0.03125,0.125,0.0,1.0,0.125,0.03125,0.9375,0.1875,0.15625,0.53125,0.15625,-1.5,-0.375,0.5625,0.9375,-5.5625,2.0,1.34375,-5.625,1.625
3.109375,199,-0.03125,0.0,0.125,0.0,1.03125,0.125,0.0625,0.96875,0.21875,0.15625,0.5,0.15625,-1.6875,-0.1875,0.46875,0.71875,-5.75,2.0625,1.5,-5.78125,1.53125
3.125,200,-0.125,0.03125,-0.0625,0.0,1.03125,0.125,0.0625,1.0,0.25,0.25,0.53125,0.15625,-1.6875,0.03125,0.375,0.3125,-5.84375,2.0,1.4375,-6.03125,1.5
3.140625,201,-0.21875,-0.09375,-0.3125,-0.0625,1.0625,0.15625,0.0,1.03125,0.28125,0.21875,0.59375,0.25,-1.375,0.125,0.3125,-0.09375,-5.78125,1.78125,1.1875,-6.03125,1.5625
3.15625,202,-0.25,-0.09375,-0.53125,0.0,1.125,0.15625,0.0625,1.0625,0.28125,0.34375,0.6875,0.21875,-0.65625,0.21875,0.09375,-0.5,-5.46875,1.4375,0.84375,-5.8125,1.59375
3.171875,203,-0.40625,-0.15625,-0.84375,-0.0625,1.15625,0.1875,0.0,1.125,0.3125,0.1875,0.8125,0.3125,0.3125,0.375,-0.125,-0.5,-4.875,1.09375,0.53125,-5.3125,1.40625
3.1875,204,-0.53125,-0.25,-1.15625,-0.0625,1.1875,0.1875,-0.03125,1.1875,0.34375,0.25,0.84375,0.34375,0.84375,0.28125,-0.3125,-0.6875,-4.09375,0.8125,-0.0625,-4.46875,1.3125
3.203125,205,-0.5,-0.28125,-1.21875,-0.03125,1.25,0.21875,0.0,1.28125,0.34375,0.25,0.875,0.34375,0.78125,0.125,-0.375,-0.96875,-3.25,0.625,-0.5625,-3.40625,1.34375
3.21875,206,-0.5,-0.5,-1.21875,-0.03125,1.34375,0.21875,0.03125,1.34375,0.34375,0.25,1.0,0.375,-0.65625,0.0,0.0625,-0.90625,-2.34375,0.4375,-0.4375,-2.25,1.375
3.234375,207,-0.46875,-0.6875,-1.125,0.0625,1.375,0.21875,0.09375,1.40625,0.34375,0.25,1.125,0.34375,-1.78125,0.0,0.28125,-0.59375,-1.28125,0.21875,-0.0625,-1.34375,1.09375
3.25,208,-0.46875,-0.75,-1.03125,0.15625,1.40625,0.21875,0.1875,1.4375,0.34375,0.25,1.21875,0.28125,-1.90625,0.125,0.25,-0.46875,-0.28125,-0.03125,-0.75,0.5,-0.3125
3.265625,209,-0.46875,-0.46875,-1.0625,0.25,1.46875,0.25,0.25,1.5,0.3125,0.3125,1.375,0.28125,-1.6875,0.6875,0.125,-0.625,0.90625,-0.125,-2.59375,3.0,-1.8125
3.28125,210,-0.46875,0.0,-1.0625,0.3125,1.4375,0.25,0.3125,1.5625,0.34375,0.375,1.5625,0.25,-0.71875,0.65625,-0.09375,-0.5625,1.84375,-0.40625,-1.0625,4.375,-1.125
3.296875,211,-0.03125,0.4375,-0.71875,0.375,1.46875,0.25,0.34375,1.5625,0.34375,0.40625,1.71875,0.25,1.4375,-0.28125,-0.5,-0.59375,1.0625,-0.90625,0.5,5.15625,-1.0
3.3125,212,0.59375,0.78125,-0.59375,0.53125,1.375,0.28125,0.53125,1.5625,0.34375,0.53125,1.96875,0.1875,2.96875,1.6875,-0.71875,-0.5625,1.4375,-0.53125,-0.125,6.3125,-1.46875
3.328125,213,0.625,0.03125,-0.40625,0.75,1.25,0.34375,0.71875,1.59375,0.375,0.75,2.21875,0.0625,2.84375,0.15625,-0.96875,-0.59375,2.46875,-0.25,0.1875,4.375,-0.4375
3.34375,214,0.65625,-0.4375,0.1875,0.9375,1.0,0.375,0.90625,1.6875,0.375,0.9375,2.4375,-0.09375,0.25,-0.09375,-0.03125,-1.15625,2.8125,-0.4375,0.21875,2.8125,-0.03125
3.359375,215,0.15625,-0.1875,0.46875,0.875,0.53125,0.46875,1.0625,1.90625,0.40625,1.15625,2.78125,-0.21875,0.875,0.34375,0.625,-2.21875,2.6875,-0.125,0.375,0.34375,0.09375
3.375,216,-0.25,-0.25,0.40625,1.0,-0.125,0.53125,1.21875,2.1875,0.375,1.34375,3.03125,-0.34375,5.4375,0.53125,0.84375,-1.59375,2.53125,-0.0625,0.40625,0.28125,0.15625
3.390625,217,-0.0625,0.0625,0.1875,0.875,-1.15625,0.625,1.3125,2.6875,0.40625,1.46875,3.5,-0.34375,3.4375,0.78125,0.96875,0.9375,2.46875,-0.375,0.0625,0.03125,0.0625
3.40625,218,-0.125,-0.15625,-0.15625,0.78125,-2.09375,0.59375,1.15625,3.34375,0.40625,1.46875,3.9375,-0.03125,3.15625,1.28125,-0.96875,1.84375,2.1875,-0.5,-0.09375,0.0,0.0
3.421875,219,0.40625,-0.15625,-0.09375,0.40625,-2.8125,0.53125,0.875,3.90625,0.375,0.84375,4.1875,0.28125,-0.0625,1.09375,-0.78125,1.4375,1.6875,-0.4375,0.0,0.0625,0.03125
3.4375,220,0.78125,0.6875,0.4375,0.15625,-3.25,0.5,0.65625,4.1875,0.34375,0.71875,4.09375,0.375,-1.71875,0.875,-0.40625,0.5625,1.21875,-0.40625,0.03125,0.125,0.125
3.453125,221,0.75,0.5625,0.5625,-0.25,-3.34375,0.46875,0.25,3.84375,0.28125,0.53125,3.3125,0.625,-2.28125,1.21875,-0.625,-0.46875,0.75,-0.34375,0.09375,0.09375,0.15625
3.46875,222,0.5,0.46875,0.59375,-0.3125,-3.4375,0.4375,0.09375,3.25,0.15625,0.5,2.75,0.5625,-1.875,1.34375,-0.625,-1.5625,0.375,-0.09375,0.0625,0.09375,0.1875
3.484375,223,0.21875,1.09375,0.4375,-0.28125,-3.5625,0.34375,0.09375,2.5625,0.09375,0.09375,2.0625,0.40625,-1.1875,1.46875,-0.625,-2.0625,0.15625,-0.09375,0.03125,0.03125,0.125
3.5,224,0.0625,1.5625,0.15625,-0.125,-3.65625,0.25,0.1875,1.84375,0.0625,0.15625,1.3125,0.09375,-0.90625,1.53125,-0.625,-1.75,0.125,-0.09375,0.0,0.09375,0.03125
3.515625,225,0.125,1.4375,-0.15625,-0.03125,-3.65625,0.15625,0.28125,1.09375,0.0625,0.25,0.625,-0.125,-0.5625,1.6875,-0.5625,-0.375,0.375,-0.1875,-0.03125,0.15625,-0.03125
3.53125,226,0.0,0.75,-0.59375,0.03125,-3.625,0.09375,0.3125,0.40625,0.0625,0.25,-0.0625,-0.28125,-0.15625,1.90625,-0.21875,0.6875,0.40625,-0.21875,-0.125,0.1875,-0.0625
3.546875,227,0.03125,0.125,-0.5625,0.0625,-3.5,0.0625,0.3125,-0.40625,0.09375,0.25,-0.71875,-0.375,0.0625,2.09375,0.03125,-0.1875,0.15625,-0.15625,-0.125,0.1875,-0.0625
3.5625,228,-0.125,-0.125,-0.375,0.09375,-3.3125,0.0625,0.28125,-1.125,0.125,0.28125,-1.34375,-0.46875,0.1875,2.03125,-0.03125,-1.59375,0.0625,-0.125,-0.03125,0.15625,0.0
3.578125,229,-0.21875,-0.28125,-0.28125,0.15625,-3.09375,0.0,0.25,-1.84375,0.125,0.28125,-1.9375,-0.59375,0.375,1.96875,-0.34375,-1.4375,0.09375,-0.1875,-0.0625,0.15625,0.03125
3.59375,230,-0.3125,-0.09375,-0.25,0.21875,-2.84375,0.0,0.25,-2.59375,0.15625,0.3125,-2.53125,-0.6875,0.75,2.21875,-0.53125,-1.03125,0.0,-0.125,-0.125,0.09375,-0.09375
3.609375,231,-0.1875,-0.03125,-0.34375,0.3125,-2.625,0.0,0.28125,-3.15625,0.21875,0.34375,-3.03125,-0.75,0.90625,2.21875,-0.65625,-0.5,0.03125,-0.09375,-0.21875,0.0625,-0.1875
3.625,232,-0.03125,0.0,-0.21875,0.375,-2.4375,0.0,0.25,-3.6875,0.28125,0.40625,-3.4375,-0.8125,0.71875,2.28125,-0.6875,-0.1875,0.09375,-0.125,-0.28125,0.0,-0.25
3.640625,233,0.1875,0.0,-0.1875,0.53125,-2.1875,0.03125,0.3125,-4.15625,0.34375,0.5,-3.8125,-0.875,0.40625,2.28125,-0.75,-0.1875,0.1875,-0.15625,-0.28125,-0.0625,-0.28125
3.65625,234,0.15625,0.03125,-0.15625,0.71875,-1.84375,0.0,0.40625,-4.6875,0.46875,0.625,-4.25,-1.0,0.03125,1.96875,-0.84375,-0.03125,0.28125,-0.125,-0.28125,-0.0625,-0.34375
3.671875,235,0.0625,-0.09375,-0.25,0.9375,-1.46875,0.0,0.5625,-5.1875,0.5625,0.8125,-4.65625,-1.15625,-0.4375,1.6875,-1.03125,0.25,0.3125,-0.125,-0.3125,-0.09375,-0.34375
3.6875,236,-0.15625,-0.1875,-0.3125,1.1875,-1.09375,-0.03125,0.71875,-5.65625,0.65625,0.96875,-5.03125,-1.28125,-1.0,1.625,-0.90625,0.40625,0.3125,-0.125,-0.3125,-0.0625,-0.34375
3.703125,237,-0.3125,0.0,-0.3125,1.40625,-0.625,0.0,0.875,-6.125,0.75,1.125,-5.40625,-1.4375,-1.28125,1.65625,-0.5625,0.15625,0.34375,-0.15625,-0.21875,0.0,-0.3125
3.71875,238,-0.3125,0.125,-0.3125,1.5625,-0.125,0.0,0.96875,-6.5,0.78125,1.21875,-5.75,-1.59375,-1.25,1.65625,-0.375,-0.15625,0.5,-0.21875,-0.25,0.0,-0.3125
3.734375,239,-0.21875,0.28125,-0.3125,1.71875,0.3125,0.09375,1.125,-6.78125,0.75,1.25,-6.03125,-1.78125,-1.0625,1.65625,-0.3125,-0.125,0.59375,-0.21875,-0.25,0.0,-0.3125
3.75,240,-0.03125,0.34375,-0.25,1.75,0.65625,0.09375,1.15625,-6.90625,0.6875,1.3125,-6.28125,-1.90625,-1.0,1.65625,-0.3125,0.03125,0.65625,-0.1875,-0.25,0.0,-0.34375
3.765625,241,-0.03125,0.3125,-0.15625,1.5,0.90625,0.125,0.90625,-6.8125,0.625,0.90625,-6.375,-1.65625,-0.34375,1.21875,-0.40625,0.15625,0.78125,-0.1875,-0.28125,0.03125,-0.40625
3.78125,242,-0.09375,0.03125,0.03125,1.0,0.9375,0.3125,0.5625,-6.4375,0.34375,0.75,-6.125,-1.5,0.375,1.3125,-0.3125,0.125,0.875,-0.21875,-0.28125,0.125,-0.46875
3.796875,243,-0.25,-0.21875,0.25,-0.125,0.71875,0.21875,-0.5,-5.65625,0.25,0.0625,-5.65625,-0.5625,0.46875,1.375,-0.09375,0.15625,1.0,-0.25,-0.28125,0.15625,-0.4375
3.8125,244,-0.375,-0.5,0.53125,-1.53125,-0.15625,0.09375,-1.75,-4.15625,0.21875,-0.6875,-4.28125,0.75,0.125,1.15625,-0.0625,0.0625,1.0625,-0.3125,-0.21875,0.28125,-0.375
3.828125,245,-0.40625,-0.65625,0.6875,-3.125,-1.25,-0.1875,-3.15625,-2.125,0.3125,-1.40625,-2.375,2.4375,0.15625,1.34375,-0.21875,-0.09375,1.125,-0.375,-0.1875,0.40625,-0.34375
3.84375,246,-0.875,-0.375,0.78125,-4.46875,-0.53125,-0.40625,-4.5625,-1.15625,0.34375,-2.25,-1.875,3.75,0.3125,1.625,-0.34375,-0.125,1.21875,-0.40625,-0.15625,0.59375,-0.25
3.859375,247,-0.84375,-0.15625,0.9375,-4.9375,-0.125,-0.5625,-5.0,-0.4375,0.40625,-2.46875,-1.21875,4.3125,0.34375,1.4375,-0.5,-0.15625,1.28125,-0.5,-0.09375,0.875,-0.21875
3.875,248,-0.125,-0.40625,0.8125,-4.4375,0.1875,-0.5625,-4.53125,0.0625,0.4375,-2.15625,-0.65625,3.96875,0.125,1.0,-0.34375,-0.03125,1.40625,-0.5,-0.1875,1.125,-0.375
3.890625,249,0.125,-0.59375,0.625,-3.125,0.4375,-0.4375,-3.15625,0.375,0.28125,-1.53125,-0.15625,2.8125,-0.0625,0.6875,-0.09375,0.25,1.46875,-0.5,-0.28125,1.40625,-0.625
3.90625,250,0.0,0.0,0.21875,-1.15625,0.65625,-0.21875,-1.21875,0.625,0.0625,-0.59375,0.375,1.125,0.25,0.53125,0.09375,0.40625,1.53125,-0.46875,-0.375,1.78125,-0.78125
3.921875,251,0.5,0.78125,0.03125,0.625,0.84375,-0.09375,0.59375,0.90625,-0.15625,0.25,0.9375,-0.46875,0.90625,0.59375,0.09375,0.375,1.71875,-0.5,-0.28125,2.03125,-0.71875
3.9375,252,0.9375,0.96875,0.125,1.71875,1.125,-0.03125,1.59375,1.125,-0.28125,1.125,1.125,-1.15625,1.4375,0.6875,-0.09375,0.125,1.90625,-0.59375,-0.15625,2.3125,-0.5625
3.953125,253,0.59375,0.6875,0.3125,0.9375,0.8125,-0.25,0.90625,0.90625,-0.34375,0.21875,2.28125,-0.53125,1.625,0.375,-0.21875,-0.09375,2.09375,-0.625,-0.1875,2.65625,-0.5
3.96875,254,-0.25,-0.03125,0.625,0.3125,0.8125,-0.28125,0.40625,1.21875,-0.21875,0.21875,1.78125,-0.09375,1.53125,-0.09375,-0.28125,-0.25,2.28125,-0.625,-0.25,3.0625,-0.53125
3.984375,255,-0.5,-0.875,0.46875,-0.5,1.21875,-0.21875,-0.53125,1.3125,-0.125,-0.53125,1.40625,0.625,1.1875,-0.375,-0.28125,-0.40625,2.53125,-0.5625,-0.25,3.65625,-0.71875
4.0,256,-0.09375,-2.03125,-0.28125,-1.1875,1.375,-0.1875,-1.28125,1.3125,-0.125,-0.96875,1.1875,1.1875,1.0,-0.78125,0.03125,-0.375,2.9375,-0.46875,-0.1875,4.375,-1.25
4.015625,257,-0.0625,0.25,-1.03125,-1.125,1.25,-0.15625,-1.1875,1.25,-0.09375,-1.03125,1.28125,1.09375,0.9375,-1.34375,0.25,0.125,3.3125,-0.25,0.1875,5.25,-1.96875
4.03125,258,0.1875,2.65625,-0.90625,-0.53125,1.25,-0.15625,-0.625,1.25,-0.0625,-0.5,1.28125,0.65625,1.09375,-2.1875,0.3125,0.8125,3.59375,-0.09375,0.5,6.0625,-2.75
4.046875,259,0.25,1.8125,-0.9375,-0.09375,1.28125,-0.125,-0.125,1.1875,0.03125,-0.0625,1.1875,0.34375,0.625,-3.90625,0.21875,1.46875,3.6875,0.0625,0.15625,6.6875,-3.53125
4.0625,260,-0.4375,0.03125,0.15625,-0.09375,1.28125,-0.0625,-0.09375,1.125,0.0625,-0.03125,1.125,0.3125,0.03125,-4.65625,0.28125,1.875,3.5625,0.0,-0.46875,7.03125,-4.3125
4.078125,261,-0.78125,-0.46875,1.28125,-0.0625,1.1875,0.0,-0.09375,1.125,0.03125,-0.09375,1.03125,0.28125,0.59375,-4.0625,0.5625,2.0625,3.28125,-0.3125,-0.875,7.3125,-4.625
4.09375,262,-0.3125,-0.28125,1.25,0.09375,1.09375,0.0,0.0625,1.09375,0.03125,0.03125,0.96875,0.15625,1.1875,-2.78125,0.90625,2.125,2.25,-0.46875,-0.15625,7.375,-4.4375
4.109375,263,0.34375,-0.21875,0.40625,0.15625,1.0625,0.0,0.125,1.03125,0.0625,0.0625,0.9375,0.09375,0.59375,-2.21875,1.25,2.28125,1.78125,-0.8125,0.46875,4.6875,-3.09375
4.125,264,0.65625,-0.28125,0.03125,0.0625,1.0,0.03125,0.03125,1.0,0.09375,0.0625,0.90625,0.1875,-0.96875,-3.59375,1.6875,1.5,1.78125,-0.375,0.40625,0.375,-0.125
4.140625,265,0.5625,-0.15625,0.25,0.03125,0.96875,0.0625,0.03125,1.0,0.125,0.0625,0.875,0.21875,-2.0,-4.5625,1.46875,1.5,1.625,-0.28125,-2.40625,-3.09375,2.0
4.15625,266,0.21875,0.0,0.53125,0.09375,0.9375,0.03125,0.125,0.96875,0.15625,0.1875,0.84375,0.15625,-1.71875,-4.25,1.0,0.46875,0.8125,-0.34375,-3.75,-2.875,2.59375
4.171875,267,-0.0625,-0.125,0.6875,0.09375,0.96875,0.03125,0.09375,0.96875,0.15625,0.21875,0.75,0.1875,-0.9375,-3.3125,1.1875,-0.9375,-0.1875,0.125,-2.65625,-2.1875,2.78125
4.1875,268,-0.125,-0.4375,0.8125,0.09375,0.96875,0.0625,0.09375,0.9375,0.125,0.25,0.6875,0.125,-0.375,-2.65625,1.3125,-1.5625,-1.125,0.875,-0.75,-2.375,2.875
4.203125,269,0.03125,-0.5,0.71875,0.15625,0.9375,0.03125,0.15625,0.9375,0.125,0.28125,0.6875,0.0625,-0.125,-2.625,1.21875,-1.25,-1.875,1.28125,0.875,-3.375,2.59375
4.21875,270,0.28125,-0.125,0.46875,0.15625,0.96875,0.03125,0.125,0.9375,0.09375,0.21875,0.625,0.09375,0.03125,-2.59375,1.15625,-0.34375,-2.4375,1.34375,1.28125,-4.28125,2.0
4.234375,271,0.46875,0.0625,0.3125,0.15625,0.96875,0.0625,0.125,0.9375,0.125,0.25,0.625,0.09375,0.34375,-2.3125,1.0,0.125,-2.96875,1.5625,1.125,-4.90625,1.40625
4.25,272,0.53125,-0.03125,0.375,0.15625,1.0,0.0625,0.125,0.9375,0.125,0.125,0.5625,0.09375,0.3125,-2.21875,0.84375,0.0625,-3.53125,1.90625,1.09375,-5.1875,1.15625
4.265625,273,0.5,-0.21875,0.53125,0.15625,1.0,0.0625,0.125,0.9375,0.125,0.09375,0.5625,0.0625,0.1875,-2.09375,0.71875,-0.1875,-4.15625,2.09375,1.3125,-5.25,1.21875
4.28125,274,0.40625,-0.46875,0.46875,0.15625,1.0,0.0625,0.125,0.9375,0.125,0.125,0.53125,0.09375,0.125,-1.75,0.59375,0.25,-4.5,2.09375,1.5,-5.375,1.375
4.296875,275,0.28125,-0.46875,0.1875,0.09375,1.03125,0.0625,0.09375,0.90625,0.15625,0.125,0.5,0.09375,-0.0625,-1.375,0.5625,1.0,-4.8125,2.03125,1.5,-5.65625,1.46875
4.3125,276,0.125,-0.4375,-0.09375,0.09375,1.03125,0.09375,0.09375,0.9375,0.15625,0.15625,0.5,0.09375,-0.4375,-0.9375,0.625,1.40625,-5.15625,2.0,1.5,-5.875,1.5625
4.328125,277,-0.0625,-0.5625,-0.34375,0.09375,1.03125,0.09375,0.09375,0.9375,0.15625,0.125,0.5,0.09375,-0.96875,-0.59375,0.75,1.1875,-5.46875,2.03125,1.3125,-5.875,1.65625
4.34375,278,-0.15625,-0.53125,-0.40625,0.0625,1.03125,0.09375,0.0625,0.9375,0.15625,0.125,0.5,0.09375,-1.53125,-0.40625,0.78125,0.59375,-5.65625,2.0625,1.1875,-5.9375,1.78125
4.359375,279,-0.15625,-0.3125,-0.28125,0.0,1.03125,0.09375,0.03125,0.9375,0.1875,0.125,0.46875,0.15625,-1.90625,-0.25,0.75,-0.25,-5.84375,2.03125,0.84375,-5.875,1.9375
4.375,280,-0.09375,-0.21875,-0.1875,-0.03125,1.0625,0.09375,0.0,0.96875,0.21875,0.15625,0.5,0.1875,-1.9375,-0.09375,0.5625,-1.03125,-6.0,1.875,0.625,-5.75,2.1875
4.390625,281,-0.21875,-0.21875,-0.21875,-0.0625,1.09375,0.09375,-0.03125,1.0,0.25,0.1875,0.5625,0.25,-1.9375,-0.125,0.125,-1.28125,-5.90625,1.5,0.46875,-5.625,2.40625
4.40625,282,-0.5,-0.3125,-0.375,-0.125,1.125,0.125,-0.09375,1.03125,0.25,0.25,0.625,0.3125,-1.53125,-0.5,-0.15625,-1.5,-5.3125,1.0625,0.15625,-5.5625,2.3125
4.421875,283,-0.71875,-0.375,-0.71875,-0.125,1.125,0.125,-0.03125,1.09375,0.28125,0.34375,0.6875,0.34375,-0.46875,-0.625,-0.28125,-1.71875,-4.59375,0.65625,-0.1875,-5.1875,1.9375
4.4375,284,-0.84375,-0.5,-0.96875,-0.0625,1.1875,0.15625,0.0,1.15625,0.3125,0.28125,0.78125,0.34375,0.28125,0.03125,-0.28125,-1.71875,-3.78125,0.4375,-0.59375,-4.15625,1.625
4.453125,285,-0.75,-0.6875,-1.15625,-0.09375,1.25,0.15625,-0.0625,1.21875,0.3125,0.21875,0.875,0.375,-0.40625,0.6875,0.0625,-1.15625,-2.90625,0.46875,-0.6875,-2.71875,1.53125
4.46875,286,-0.5625,-0.75,-1.21875,-0.0625,1.3125,0.1875,0.0,1.3125,0.34375,0.21875,0.96875,0.34375,-1.40625,0.1875,-0.1875,-0.3125,-1.90625,0.34375,-0.09375,-1.65625,1.4375
4.484375,287,-0.5,-0.65625,-1.21875,0.0625,1.3125,0.21875,0.09375,1.34375,0.3125,0.28125,1.09375,0.34375,-1.6875,0.15625,-0.1875,0.0625,-0.75,0.0625,0.34375,-1.15625,0.8125
4.5,288,-0.5,-0.4375,-1.25,0.09375,1.375,0.21875,0.125,1.40625,0.3125,0.25,1.21875,0.375,-1.78125,0.65625,0.0625,-0.59375,0.25,-0.03125,-0.0625,-0.21875,-0.28125
4.515625,289,-0.625,-0.375,-1.3125,0.0625,1.40625,0.21875,0.09375,1.46875,0.34375,0.25,1.34375,0.40625,-1.03125,0.8125,0.0,-0.6875,1.0625,-0.09375,-1.4375,3.0625,-1.71875
4.53125,290,-0.6875,-0.3125,-1.1875,0.09375,1.40625,0.21875,0.125,1.53125,0.34375,0.34375,1.46875,0.40625,1.84375,-0.09375,-0.375,0.03125,1.625,-0.375,-1.09375,4.53125,-1.84375
4.546875,291,-0.40625,0.3125,-1.21875,0.21875,1.4375,0.25,0.21875,1.53125,0.34375,0.375,1.6875,0.375,2.625,0.53125,-0.53125,0.0625,0.9375,-0.75,1.5,4.84375,-0.875
4.5625,292,0.5,1.03125,-1.0625,0.34375,1.375,0.25,0.34375,1.59375,0.34375,0.4375,1.90625,0.28125,4.9375,3.90625,-0.125,0.75,1.03125,-0.46875,0.09375,6.6875,-1.84375
4.578125,293,0.375,0.03125,-0.71875,0.53125,1.28125,0.28125,0.5,1.625,0.375,0.625,2.15625,0.25,1.875,-1.0625,-0.6875,0.4375,2.0,-0.375,0.125,5.625,-0.5
4.59375,294,0.28125,-1.0,0.03125,0.625,1.0,0.34375,0.59375,1.6875,0.34375,0.84375,2.375,0.1875,0.9375,-0.46875,-0.09375,-1.34375,2.34375,-0.40625,0.125,3.15625,0.21875
4.609375,295,0.40625,-0.8125,0.5,0.625,0.53125,0.4375,0.75,1.90625,0.375,0.96875,2.65625,0.09375,0.28125,0.84375,0.3125,-1.65625,2.84375,-0.09375,0.6875,0.1875,0.125
4.625,296,-0.09375,0.0625,0.3125,0.8125,-0.09375,0.5,1.03125,2.15625,0.40625,1.28125,2.875,-0.125,3.625,0.4375,0.8125,-0.84375,2.78125,-0.03125,0.375,0.34375,0.28125
4.640625,297,0.0,0.4375,0.46875,0.78125,-1.03125,0.59375,1.15625,2.5625,0.4375,1.5,3.28125,-0.21875,3.5,0.09375,0.65625,0.84375,2.625,-0.375,0.25,0.1875,0.28125
4.65625,298,0.125,-0.25,0.3125,0.6875,-1.90625,0.59375,1.0625,3.0625,0.4375,1.3125,3.6875,0.03125,3.6875,1.34375,-0.53125,1.40625,2.0625,-0.4375,0.03125,0.0625,0.125
4.671875,299,0.375,-0.1875,0.3125,0.375,-2.53125,0.5625,0.8125,3.5625,0.4375,0.65625,3.75,0.25,0.375,1.84375,-1.15625,1.03125,1.5,-0.40625,0.0625,0.0625,0.125
4.6875,300,0.5625,0.78125,0.625,0.15625,-2.9375,0.5,0.5,3.84375,0.34375,0.90625,3.71875,0.5625,-1.625,0.84375,-0.625,0.1875,1.0,-0.375,0.125,0.0625,0.15625
4.703125,301,0.3125,0.8125,0.90625,-0.40625,-3.03125,0.375,0.0,3.5,0.34375,0.8125,3.21875,0.8125,-2.375,1.40625,-0.28125,-0.625,0.5625,-0.34375,0.15625,0.03125,0.21875
4.71875,302,0.03125,0.46875,0.9375,-0.375,-3.15625,0.34375,-0.03125,2.90625,0.15625,0.25,2.53125,0.625,-2.3125,1.53125,-0.6875,-1.28125,0.25,-0.09375,0.25,0.09375,0.28125
4.734375,303,0.21875,0.96875,0.71875,-0.21875,-3.25,0.15625,0.125,2.28125,-0.03125,-0.0625,1.90625,0.21875,-1.40625,1.4375,-0.65625,-1.34375,0.21875,-0.15625,0.28125,0.15625,0.3125
4.75,304,0.375,1.625,0.03125,-0.09375,-3.25,0.0,0.3125,1.59375,-0.15625,0.0625,1.25,-0.15625,-1.0,1.4375,-0.75,-0.375,0.34375,-0.125,0.375,0.1875,0.375
4.765625,305,0.375,1.53125,-0.6875,-0.0625,-3.1875,-0.09375,0.34375,0.90625,-0.25,0.0625,0.5625,-0.3125,-0.46875,1.53125,-0.8125,1.0,0.375,-0.1875,0.28125,0.21875,0.28125
4.78125,306,0.28125,0.78125,-0.90625,-0.03125,-3.125,-0.1875,0.375,0.28125,-0.21875,0.0625,-0.03125,-0.46875,0.25,1.84375,-0.5,1.1875,0.375,-0.25,0.1875,0.15625,0.15625
4.796875,307,0.21875,0.125,-0.875,0.03125,-3.03125,-0.21875,0.4375,-0.375,-0.1875,0.09375,-0.5625,-0.625,0.6875,1.84375,-0.0625,0.1875,0.3125,-0.21875,0.125,0.125,0.125
4.8125,308,0.03125,-0.40625,-0.59375,0.15625,-3.0,-0.21875,0.5,-0.96875,-0.125,0.1875,-1.09375,-0.75,0.78125,1.90625,0.0625,-0.25,0.25,-0.21875,0.03125,0.0625,0.03125
4.828125,309,-0.1875,-0.5,-0.28125,0.3125,-2.9375,-0.28125,0.59375,-1.5625,-0.03125,0.3125,-1.5625,-0.875,0.8125,1.96875,-0.125,-0.25,0.1875,-0.21875,-0.0625,0.0,-0.0625
4.84375,310,-0.375,-0.15625,0.03125,0.5,-2.84375,-0.3125,0.75,-2.15625,0.0625,0.46875,-2.0625,-1.09375,0.84375,1.71875,-0.40625,-0.03125,0.21875,-0.1875,-0.125,-0.0625,-0.125
4.859375,311,0.125,0.0625,-0.0625,0.625,-2.65625,-0.34375,0.8125,-2.71875,0.125,0.5625,-2.5625,-1.15625,0.625,1.75,-0.6875,0.03125,0.21875,-0.125,-0.25,-0.125,-0.1875
4.875,312,0.15625,-0.21875,0.0,0.71875,-2.5,-0.28125,0.78125,-3.21875,0.21875,0.65625,-2.9375,-1.1875,0.4375,1.84375,-0.75,-0.125,0.25,-0.125,-0.28125,-0.125,-0.21875
4.890625,313,0.0625,-0.3125,-0.0625,0.78125,-2.25,-0.21875,0.75,-3.65625,0.3125,0.65625,-3.34375,-1.1875,0.28125,1.96875,-0.8125,-0.28125,0.25,-0.0625,-0.375,-0.15625,-0.3125
4.90625,314,-0.03125,-0.21875,-0.09375,0.84375,-1.96875,-0.15625,0.71875,-4.125,0.34375,0.71875,-3.71875,-1.1875,0.03125,2.03125,-0.9375,-0.34375,0.28125,-0.0625,-0.46875,-0.1875,-0.375
4.921875,315,-0.0625,-0.125,-0.0625,1.0,-1.59375,-0.125,0.75,-4.5625,0.4375,0.8125,-4.09375,-1.28125,-0.5625,1.96875,-1.125,-0.34375,0.3125,-0.0625,-0.5,-0.15625,-0.4375
4.9375,316,-0.09375,-0.125,-0.125,1.1875,-1.25,-0.09375,0.875,-5.03125,0.53125,0.96875,-4.4375,-1.375,-1.5,1.5625,-1.03125,-0.125,0.375,-0.09375,-0.34375,-0.125,-0.375
4.953125,317,-0.15625,-0.09375,-0.125,1.34375,-0.9375,-0.0625,0.96875,-5.4375,0.625,1.0625,-4.8125,-1.5,-2.125,1.375,-0.75,0.125,0.4375,-0.125,-0.1875,-0.0625,-0.25
4.96875,318,-0.1875,-0.0625,-0.09375,1.53125,-0.59375,0.0,1.09375,-5.78125,0.6875,1.1875,-5.125,-1.625,-1.96875,1.21875,-0.625,0.0625,0.46875,-0.15625,-0.1875,-0.0625,-0.25
4.984375,319,-0.21875,0.0,0.0,1.5625,-0.21875,0.0625,1.0625,-6.0625,0.71875,1.21875,-5.4375,-1.65625,-1.46875,1.28125,-0.4375,-0.3125,0.5,-0.1875,-0.25,-0.0625,-0.3125
5.0,320,-0.15625,0.1875,0.09375,1.46875,0.125,0.09375,0.9375,-6.28125,0.65625,1.0625,-5.71875,-1.59375,-0.65625,1.1875,-0.21875,-0.4375,0.625,-0.25,-0.3125,-0.0625,-0.375
5.015625,321,-0.0625,0.3125,0.15625,1.28125,0.46875,0.21875,0.8125,-6.3125,0.5,0.90625,-5.84375,-1.625,-0.46875,1.5625,-0.15625,-0.34375,0.71875,-0.3125,-0.40625,-0.0625,-0.5
5.03125,322,-0.15625,0.375,0.21875,0.71875,0.625,0.25,0.25,-6.15625,0.34375,0.53125,-5.875,-1.21875,-0.125,1.40625,-0.21875,-0.46875,0.75,-0.3125,-0.5,-0.0625,-0.5625
5.046875,323,-0.21875,0.25,0.25,-0.21875,0.78125,0.1875,-0.625,-5.78125,0.21875,-0.09375,-5.71875,-0.5,0.09375,1.375,-0.15625,-0.71875,0.8125,-0.34375,-0.46875,-0.0625,-0.5
5.0625,324,-0.25,-0.09375,0.28125,-1.375,0.53125,0.03125,-1.6875,-4.9375,0.125,-0.75,-5.21875,0.5,0.25,1.40625,-0.125,-0.75,0.84375,-0.375,-0.375,0.0625,-0.4375
5.078125,325,-0.34375,-0.53125,0.40625,-2.5625,-0.53125,-0.21875,-2.71875,-3.25,0.15625,-1.09375,-3.875,1.6875,0.53125,1.6875,-0.1875,-0.6875,0.9375,-0.40625,-0.34375,0.09375,-0.5
5.09375,326,-0.53125,-0.625,0.59375,-3.90625,-0.96875,-0.375,-3.90625,-1.59375,0.25,-2.03125,-2.25,3.09375,0.59375,1.9375,-0.21875,-0.59375,0.96875,-0.46875,-0.3125,0.25,-0.46875
5.109375,327,-0.84375,-0.125,0.71875,-4.6875,-0.25,-0.5,-4.78125,-0.875,0.3125,-2.34375,-1.65625,3.9375,0.40625,1.78125,-0.21875,-0.625,1.0625,-0.53125,-0.3125,0.40625,-0.5
5.125,328,-0.40625,-0.03125,0.75,-4.53125,0.0625,-0.625,-4.5625,-0.15625,0.375,-2.21875,-0.90625,3.96875,0.3125,1.5625,-0.21875,-0.53125,1.25,-0.59375,-0.34375,0.625,-0.53125
5.140625,329,0.0625,-0.3125,0.59375,-3.40625,0.375,-0.46875,-3.46875,0.28125,0.28125,-1.6875,-0.3125,3.0625,0.34375,1.1875,-0.125,-0.1875,1.4375,-0.625,-0.375,0.9375,-0.71875
5.15625,330,0.28125,-0.15625,0.46875,-1.625,0.625,-0.25,-1.6875,0.53125,0.125,-0.84375,0.28125,1.53125,0.5625,0.8125,-0.03125,0.1875,1.5625,-0.59375,-0.375,1.34375,-0.8125
5.171875,331,0.40625,0.40625,0.1875,0.1875,0.8125,-0.0625,0.09375,0.96875,-0.09375,0.5625,2.28125,0.28125,0.96875,0.40625,0.0,0.1875,1.75,-0.59375,-0.34375,1.65625,-0.8125
5.1875,332,0.75,0.40625,-0.03125,0.53125,1.03125,-0.15625,0.375,0.90625,-0.25,0.9375,2.0,-0.0625,1.28125,0.21875,-0.0625,-0.03125,1.9375,-0.625,-0.28125,2.03125,-0.6875
5.203125,333,0.4375,-0.25,0.15625,0.3125,0.90625,-0.34375,0.375,1.15625,-0.28125,0.71875,1.59375,-0.15625,1.375,0.28125,-0.1875,-0.28125,2.0625,-0.65625,-0.25,2.5,-0.625
5.21875,334,-0.3125,-0.8125,0.0625,-0.125,1.1875,-0.21875,-0.25,1.25,-0.25,-0.4375,1.34375,0.3125,1.09375,0.15625,-0.3125,-0.5625,2.40625,-0.65625,-0.125,3.03125,-0.6875
5.234375,335,-0.125,-1.46875,-0.59375,-0.84375,1.28125,-0.21875,-0.96875,1.25,-0.15625,-0.90625,1.21875,0.875,0.625,-0.3125,-0.21875,-0.65625,2.78125,-0.625,-0.3125,3.65625,-1.0
5.25,336,-0.5625,0.4375,-1.28125,-0.84375,1.125,-0.15625,-0.9375,1.25,-0.09375,-0.78125,1.25,0.875,0.40625,-0.96875,-0.03125,-0.34375,3.09375,-0.5,0.09375,4.40625,-1.53125
5.265625,337,-0.3125,2.34375,-1.09375,-0.4375,1.09375,-0.15625,-0.46875,1.1875,-0.03125,-0.34375,1.1875,0.59375,0.53125,-1.65625,0.1875,0.4375,3.4375,-0.28125,0.4375,5.15625,-2.3125
5.28125,338,-0.15625,1.71875,-0.46875,-0.21875,1.21875,-0.15625,-0.1875,1.09375,0.03125,0.0,1.0625,0.40625,1.15625,-2.84375,0.4375,1.375,3.6875,-0.09375,0.46875,5.78125,-3.15625
5.296875,339,-0.71875,0.125,0.53125,-0.15625,1.21875,-0.09375,-0.1875,1.0625,0.0,0.0,0.9375,0.3125,1.03125,-4.1875,0.5625,2.03125,3.5625,0.0,-0.59375,6.15625,-3.84375
5.3125,340,-0.875,-0.28125,1.25,-0.09375,1.125,-0.0625,-0.15625,1.03125,0.0,-0.09375,0.90625,0.28125,0.09375,-4.8125,0.46875,2.3125,3.53125,-0.125,-1.8125,6.46875,-4.5
5.328125,341,-0.34375,0.03125,0.9375,0.03125,1.09375,-0.0625,0.0,0.96875,0.0,0.0,0.875,0.1875,0.21875,-3.71875,0.625,2.03125,2.75,-0.34375,-1.8125,6.78125,-4.53125
5.34375,342,0.15625,-0.03125,0.34375,0.0,1.03125,-0.03125,-0.03125,0.96875,0.03125,0.03125,0.84375,0.21875,0.21875,-2.6875,0.84375,2.09375,2.4375,-0.625,-1.4375,5.96875,-3.65625
5.359375,343,0.5,-0.3125,0.34375,-0.125,0.96875,-0.03125,-0.125,0.9375,0.09375,-0.03125,0.875,0.3125,-0.0625,-2.3125,1.125,0.90625,1.96875,-0.65625,0.625,3.21875,-1.78125
5.375,344,0.65625,-0.15625,0.625,-0.09375,0.96875,0.0,-0.125,0.9375,0.0625,-0.03125,0.84375,0.28125,-0.4375,-3.09375,1.3125,0.78125,2.0625,-0.5,0.09375,-0.1875,0.59375
5.390625,345,0.53125,-0.15625,0.625,0.0,0.9375,0.0,0.0,0.9375,0.09375,0.03125,0.8125,0.21875,-1.125,-4.03125,1.125,0.65625,1.75,-0.5,-1.53125,-1.6875,2.0
5.40625,346,0.125,-0.28125,0.375,0.09375,0.9375,0.0,0.0625,0.9375,0.0625,0.1875,0.75,0.09375,-1.34375,-4.0625,1.0,0.125,0.875,-0.34375,-2.28125,-1.71875,2.5
5.421875,347,-0.03125,-0.625,0.34375,0.15625,0.9375,0.0,0.125,0.9375,0.0625,0.3125,0.6875,0.0625,-1.09375,-3.3125,1.0625,-0.71875,-0.09375,0.125,-1.75,-1.4375,2.625
5.4375,348,0.03125,-0.59375,0.28125,0.15625,0.9375,0.03125,0.15625,0.9375,0.0625,0.28125,0.6875,0.03125,-0.46875,-2.75,1.0,-0.96875,-0.90625,0.5,-0.84375,-1.46875,2.53125
5.453125,349,0.21875,-0.09375,0.15625,0.21875,0.9375,0.0,0.1875,0.9375,0.0625,0.25,0.65625,0.0,0.0,-2.53125,0.96875,-1.25,-1.5625,0.84375,0.125,-2.03125,2.34375
5.46875,350,0.46875,0.34375,0.15625,0.25,0.9375,0.0,0.21875,0.9375,0.0625,0.21875,0.65625,0.0,0.125,-2.4375,1.0,-1.0,-2.1875,0.96875,0.5625,-2.78125,2.0
5.484375,351,0.5625,0.1875,0.28125,0.25,0.9375,0.0625,0.1875,0.9375,0.0625,0.1875,0.625,0.0,0.1875,-2.1875,1.03125,-0.71875,-2.71875,1.21875,0.5625,-3.5625,1.59375
5.5,352,0.46875,-0.1875,0.375,0.21875,0.96875,0.03125,0.15625,0.90625,0.0625,0.1875,0.59375,0.03125,0.25,-1.96875,1.0,-0.5625,-3.28125,1.4375,0.40625,-4.21875,1.3125
5.515625,353,0.375,-0.40625,0.40625,0.09375,1.0,0.0625,0.09375,0.90625,0.125,0.1875,0.53125,0.0625,0.0625,-1.78125,0.9375,-0.46875,-3.78125,1.5625,0.5,-4.59375,1.15625
5.53125,354,0.3125,-0.375,0.34375,0.09375,1.0,0.03125,0.09375,0.875,0.125,0.15625,0.5,0.09375,-0.25,-1.53125,0.8125,-0.1875,-4.21875,1.625,0.84375,-4.78125,1.09375
5.546875,355,0.1875,-0.21875,0.34375,0.03125,0.96875,0.0625,0.0625,0.875,0.15625,0.15625,0.46875,0.09375,-0.46875,-1.21875,0.71875,0.5,-4.53125,1.59375,1.15625,-4.9375,1.0625
5.5625,356,-0.03125,0.0,0.3125,0.03125,0.96875,0.0625,0.0625,0.90625,0.15625,0.15625,0.4375,0.09375,-0.65625,-0.90625,0.6875,1.0625,-4.84375,1.625,1.34375,-5.15625,1.0625
5.578125,357,-0.125,0.03125,0.21875,0.0,1.0,0.09375,0.0,0.90625,0.15625,0.125,0.46875,0.125,-0.90625,-0.65625,0.59375,1.1875,-5.09375,1.8125,1.375,-5.34375,1.125
5.59375,358,-0.09375,-0.09375,0.1875,0.0,1.0,0.09375,0.0,0.9375,0.15625,0.15625,0.46875,0.125,-1.15625,-0.5,0.53125,1.15625,-5.3125,1.96875,1.5,-5.40625,1.25
5.609375,359,-0.0625,-0.15625,0.21875,0.0,0.96875,0.09375,0.0,0.9375,0.1875,0.15625,0.5,0.15625,-1.34375,-0.34375,0.5,1.125,-5.53125,2.15625,1.8125,-5.46875,1.34375
5.625,360,0.0,-0.03125,0.125,-0.03125,1.03125,0.09375,0.03125,0.96875,0.1875,0.15625,0.5,0.15625,-1.46875,-0.09375,0.375,0.78125,-5.59375,2.34375,1.96875,-5.65625,1.53125
5.640625,361,-0.0625,0.0,-0.09375,-0.03125,1.03125,0.09375,0.0,1.0,0.21875,0.21875,0.59375,0.1875,-1.3125,0.0625,0.25,0.125,-5.59375,2.3125,1.84375,-5.75,1.84375
5.65625,362,-0.1875,-0.03125,-0.46875,0.0,1.0625,0.125,0.03125,1.03125,0.25,0.25,0.6875,0.1875,-0.9375,-0.03125,0.0,-0.40625,-5.46875,2.0625,1.71875,-5.59375,2.125
5.671875,363,-0.25,-0.09375,-0.78125,-0.03125,1.09375,0.125,0.0,1.09375,0.25,0.1875,0.75,0.25,-0.21875,-0.1875,-0.15625,-0.5,-4.96875,1.59375,1.5,-5.1875,2.1875
5.6875,364,-0.375,-0.3125,-1.1875,-0.0625,1.15625,0.125,0.0,1.15625,0.28125,0.1875,0.78125,0.28125,0.4375,0.03125,-0.21875,-0.90625,-4.40625,1.03125,0.65625,-4.59375,2.09375
5.703125,365,-0.5625,-0.5,-1.40625,0.0,1.21875,0.125,0.03125,1.21875,0.25,0.21875,0.84375,0.25,1.09375,-0.09375,-0.15625,-1.59375,-3.65625,0.65625,-0.78125,-3.59375,2.03125
5.71875,366,-0.5625,-0.6875,-1.5,0.0625,1.25,0.15625,0.09375,1.3125,0.25,0.21875,0.9375,0.25,0.6875,0.15625,0.3125,-1.78125,-2.90625,0.53125,-1.40625,-2.59375,1.84375
5.734375,367,-0.46875,-0.625,-1.1875,0.09375,1.3125,0.15625,0.125,1.3125,0.21875,0.21875,1.03125,0.25,-1.0,-0.125,0.625,-0.90625,-1.78125,0.375,-0.59375,-1.8125,1.40625
5.75,368,-0.34375,-0.59375,-1.0,0.15625,1.34375,0.15625,0.15625,1.34375,0.21875,0.21875,1.125,0.21875,-1.65625,-0.03125,0.5625,-0.53125,-0.78125,0.21875,0.125,-0.75,0.34375
5.765625,369,-0.34375,-0.53125,-0.9375,0.25,1.34375,0.15625,0.25,1.40625,0.25,0.21875,1.28125,0.1875,-1.4375,0.65625,0.34375,-0.46875,0.34375,0.125,-1.40625,1.59375,-1.09375
5.78125,370,-0.53125,-0.28125,-1.0625,0.28125,1.375,0.1875,0.3125,1.4375,0.25,0.25,1.40625,0.15625,-1.375,0.75,0.0625,-0.5,1.53125,-0.21875,-3.0,3.84375,-1.75
5.796875,371,-0.375,-0.21875,-1.0625,0.3125,1.375,0.1875,0.3125,1.46875,0.21875,0.25,1.5,0.1875,-0.9375,0.28125,-0.125,-0.3125,1.71875,-0.6875,-0.25,4.09375,-0.15625
5.8125,372,0.375,0.8125,-0.65625,0.40625,1.34375,0.1875,0.40625,1.5,0.25,0.375,1.65625,0.15625,1.1875,0.46875,-0.1875,-1.125,1.21875,-1.125,0.625,5.3125,-0.71875
5.828125,373,0.75,0.9375,-0.5,0.5625,1.3125,0.25,0.5,1.53125,0.28125,0.5,1.90625,0.0625,3.3125,0.5625,-0.8125,-1.125,1.875,-0.21875,-0.0625,5.625,-1.0
5.84375,374,0.5625,0.03125,-0.0625,0.71875,1.21875,0.25,0.6875,1.53125,0.3125,0.5,1.90625,0.0625,0.9375,-0.09375,-1.0,-1.3125,2.53125,-0.21875,0.125,3.84375,-0.28125
5.859375,375,0.34375,-0.21875,0.375,0.84375,0.9375,0.28125,0.84375,1.65625,0.3125,0.90625,2.375,-0.09375,-2.40625,0.5,0.21875,-1.78125,2.625,-0.34375,0.0625,2.8125,0.03125
5.875,376,-0.1875,0.4375,0.59375,0.78125,0.4375,0.375,0.9375,1.875,0.28125,1.0625,2.75,-0.21875,0.25,-0.46875,0.59375,-2.84375,2.28125,-0.0625,0.4375,0.75,-0.125
5.890625,377,-0.46875,-0.21875,0.1875,0.71875,-0.1875,0.4375,1.0,2.21875,0.3125,1.125,3.03125,-0.21875,5.15625,0.375,0.53125,-1.46875,2.4375,-0.0625,0.09375,0.3125,0.0
5.90625,378,-0.3125,-0.03125,0.0,0.6875,-1.25,0.5,1.03125,2.8125,0.34375,1.1875,3.5625,-0.15625,2.875,1.46875,0.5625,0.34375,2.25,-0.21875,-0.25,0.0,-0.40625
5.921875,379,-0.375,-0.15625,-0.1875,0.46875,-2.25,0.46875,0.875,3.46875,0.34375,1.15625,4.03125,0.1875,3.03125,1.21875,-0.71875,1.0625,2.03125,-0.1875,-0.375,-0.03125,-0.46875
5.9375,380,0.03125,-0.03125,0.03125,0.1875,-3.0625,0.46875,0.59375,4.09375,0.34375,0.75,4.40625,0.5,0.1875,1.0,-0.34375,1.40625,1.6875,-0.25,-0.40625,-0.03125,-0.375
5.953125,381,0.375,0.5,0.46875,-0.09375,-3.5,0.46875,0.34375,4.4375,0.25,0.3125,4.3125,0.59375,-1.53125,1.09375,-0.34375,0.15625,1.21875,-0.4375,-0.25,0.0,-0.28125
5.96875,382,0.5,0.59375,0.59375,-0.4375,-3.59375,0.4375,0.0625,4.125,0.25,-0.25,3.25,0.71875,-2.03125,1.375,-0.28125,-2.625,0.5625,-0.25,-0.21875,-0.03125,-0.15625
5.984375,383,0.3125,0.875,0.59375,-0.5,-3.71875,0.46875,-0.09375,3.5,0.125,0.375,2.84375,0.6875,-1.9375,1.375,-0.53125,-4.34375,0.0625,0.03125,-0.125,-0.03125,-0.09375
6.0,384,-0.15625,1.1875,0.4375,-0.53125,-3.8125,0.4375,-0.1875,2.78125,0.03125,0.0,2.15625,0.5625,-1.40625,1.53125,-0.5,-4.03125,-0.0625,-0.03125,-0.125,0.03125,-0.03125
6.015625,385,-0.40625,1.1875,0.25,-0.53125,-3.8125,0.375,-0.1875,2.0,-0.03125,-0.15625,1.375,0.375,-1.3125,1.4375,-0.46875,-2.21875,0.125,-0.09375,-0.09375,0.09375,-0.03125
6.03125,386,-0.375,1.125,-0.09375,-0.53125,-3.8125,0.375,-0.25,1.21875,-0.09375,-0.15625,0.59375,0.25,-1.09375,1.625,-0.46875,-0.15625,0.15625,-0.0625,-0.1875,0.09375,-0.125
6.046875,387,-0.375,0.84375,-0.40625,-0.625,-3.6875,0.375,-0.34375,0.40625,-0.15625,-0.25,-0.125,0.15625,-0.6875,1.84375,-0.1875,0.34375,0.15625,-0.09375,-0.15625,0.0625,-0.09375
6.0625,388,-0.21875,0.40625,-0.46875,-0.59375,-3.5625,0.34375,-0.375,-0.4375,-0.15625,-0.3125,-0.875,0.03125,-0.375,1.8125,-0.0625,-0.65625,0.125,-0.0625,-0.09375,0.09375,-0.03125
6.078125,389,-0.3125,0.0625,-0.34375,-0.53125,-3.34375,0.3125,-0.375,-1.3125,-0.15625,-0.3125,-1.59375,-0.125,-0.09375,1.9375,-0.09375,-1.34375,0.1875,-0.09375,-0.0625,0.09375,0.03125
6.09375,390,-0.40625,-0.1875,-0.3125,-0.4375,-3.125,0.28125,-0.34375,-2.125,-0.125,-0.25,-2.25,-0.21875,0.15625,1.90625,-0.25,-0.71875,0.25,-0.125,-0.0625,0.15625,0.03125
6.109375,391,-0.3125,-0.21875,-0.40625,-0.3125,-2.90625,0.25,-0.28125,-2.84375,-0.09375,-0.1875,-2.84375,-0.375,0.59375,2.03125,-0.34375,0.15625,0.21875,-0.0625,-0.09375,0.09375,-0.03125
6.125,392,-0.21875,-0.125,-0.46875,-0.1875,-2.75,0.21875,-0.21875,-3.46875,0.0,-0.0625,-3.3125,-0.46875,0.78125,2.21875,-0.34375,0.21875,0.25,-0.03125,-0.09375,0.09375,-0.03125
6.140625,393,-0.125,-0.15625,-0.3125,0.03125,-2.5625,0.125,-0.0625,-4.03125,0.125,0.09375,-3.78125,-0.625,0.75,2.25,-0.5625,0.15625,0.28125,0.0,-0.03125,0.09375,0.0
6.15625,394,-0.0625,0.03125,-0.21875,0.3125,-2.25,0.09375,0.125,-4.59375,0.28125,0.3125,-4.1875,-0.8125,0.8125,2.1875,-0.71875,0.21875,0.28125,0.0,-0.03125,0.03125,0.0
6.171875,395,-0.125,0.15625,-0.15625,0.65625,-1.8125,-0.03125,0.34375,-5.1875,0.40625,0.5625,-4.65625,-1.03125,0.8125,2.3125,-0.75,0.375,0.28125,-0.03125,-0.0625,0.03125,-0.03125
6.1875,396,-0.0625,0.0625,-0.15625,1.0,-1.28125,-0.09375,0.5625,-5.78125,0.53125,0.8125,-5.09375,-1.21875,0.28125,2.28125,-0.75,0.53125,0.25,-0.03125,-0.0625,0.0,-0.03125
6.203125,397,-0.15625,0.0,-0.25,1.28125,-0.6875,-0.125,0.84375,-6.34375,0.6875,1.03125,-5.53125,-1.4375,-0.6875,2.15625,-0.75,0.53125,0.28125,-0.03125,-0.09375,0.0,-0.09375
6.21875,398,-0.15625,0.0625,-0.28125,1.59375,-0.09375,-0.125,1.03125,-6.75,0.78125,1.21875,-5.9375,-1.65625,-1.375,2.0,-0.5,0.4375,0.34375,-0.09375,-0.09375,0.0,-0.09375
6.234375,399,-0.03125,0.28125,-0.28125,1.9375,0.5,-0.125,1.28125,-7.125,0.8125,1.375,-6.25,-1.90625,-1.40625,1.75,-0.25,0.40625,0.40625,-0.09375,-0.125,0.03125,-0.125
6.25,400,0.21875,0.375,-0.3125,2.3125,0.875,-0.0625,1.65625,-7.3125,0.78125,1.59375,-6.46875,-2.3125,-1.0625,1.5625,-0.1875,0.3125,0.5,-0.125,-0.125,0.03125,-0.15625
6.265625,401,0.3125,0.375,-0.21875,2.4375,1.125,-0.09375,1.71875,-7.25,0.78125,1.5,-6.5625,-2.28125,-0.5625,1.125,-0.3125,0.34375,0.625,-0.125,-0.15625,0.03125,-0.15625
6.28125,402,0.34375,0.28125,-0.0625,2.46875,1.0625,0.25,1.96875,-6.90625,0.46875,1.78125,-6.375,-2.75,0.09375,1.0625,-0.25,0.46875,0.6875,-0.09375,-0.1875,0.0625,-0.25
6.296875,403,0.28125,0.15625,0.25,1.6875,0.84375,0.28125,1.3125,-6.1875,0.25,1.15625,-5.9375,-2.15625,0.4375,1.15625,-0.0625,0.5,0.78125,-0.09375,-0.25,0.03125,-0.34375
6.3125,404,0.09375,-0.15625,0.46875,0.28125,0.1875,0.25,0.03125,-4.90625,0.15625,0.34375,-5.03125,-0.875,0.4375,1.21875,0.09375,0.40625,0.84375,-0.125,-0.1875,0.09375,-0.3125
6.328125,405,0.0,-0.59375,0.6875,-1.59375,-1.0625,0.09375,-1.6875,-2.84375,0.15625,-0.625,-3.15625,0.90625,0.21875,1.40625,0.0,0.25,0.875,-0.15625,-0.1875,0.15625,-0.25
6.34375,406,-0.1875,-0.75,0.96875,-3.59375,-0.9375,-0.25,-3.625,-1.4375,0.28125,-1.71875,-1.96875,2.90625,0.25,1.59375,-0.15625,0.21875,0.96875,-0.21875,-0.1875,0.25,-0.25
6.359375,407,-0.53125,-0.125,1.125,-4.59375,-0.25,-0.5,-4.71875,-0.6875,0.40625,-2.25,-1.40625,4.03125,0.3125,1.5,-0.25,0.1875,1.0,-0.25,-0.15625,0.40625,-0.25
6.375,408,-0.375,-0.1875,0.78125,-4.75,0.03125,-0.59375,-4.8125,-0.125,0.40625,-2.34375,-0.84375,4.1875,0.46875,1.1875,-0.25,0.09375,1.125,-0.34375,-0.15625,0.5625,-0.25
6.390625,409,0.21875,-0.75,0.65625,-3.96875,0.25,-0.5625,-4.03125,0.21875,0.28125,-2.03125,-0.40625,3.5,0.53125,0.5625,-0.125,0.375,1.3125,-0.34375,-0.1875,0.84375,-0.40625
6.40625,410,0.34375,-0.71875,0.53125,-2.375,0.40625,-0.5,-2.4375,0.34375,0.0625,-1.3125,-0.03125,2.125,0.53125,0.125,0.09375,0.78125,1.40625,-0.34375,-0.25,1.09375,-0.59375
6.421875,411,0.34375,0.09375,0.1875,-0.46875,0.53125,-0.34375,-0.5625,0.53125,-0.25,-0.4375,0.40625,0.375,0.71875,0.125,0.21875,0.9375,1.5,-0.34375,-0.3125,1.34375,-0.6875
6.4375,412,0.78125,1.09375,0.0625,1.09375,0.6875,-0.28125,1.03125,0.6875,-0.46875,0.25,0.84375,-1.0,1.125,0.375,0.1875,0.65625,1.5625,-0.34375,-0.28125,1.53125,-0.65625
6.453125,413,1.0,1.3125,0.25,2.0,0.9375,-0.21875,1.90625,1.0,-0.59375,0.625,1.28125,-1.75,1.40625,0.625,0.03125,0.28125,1.75,-0.4375,-0.21875,1.75,-0.53125
6.46875,414,0.65625,0.96875,0.40625,2.125,1.21875,-0.28125,2.03125,0.5625,-0.53125,0.03125,2.1875,-1.6875,1.78125,0.59375,-0.09375,0.0625,1.9375,-0.4375,-0.09375,1.96875,-0.40625
6.484375,415,0.15625,0.0625,0.59375,1.34375,0.46875,-0.21875,1.40625,0.90625,-0.375,0.53125,1.9375,-0.96875,2.0,0.46875,-0.0625,0.15625,2.15625,-0.4375,-0.15625,2.28125,-0.40625
6.5,416,-0.125,-0.6875,0.8125,-0.03125,0.84375,-0.25,0.0,1.1875,-0.15625,0.0,1.4375,0.21875,1.71875,0.15625,-0.0625,0.34375,2.53125,-0.40625,-0.21875,2.6875,-0.375
6.515625,417,-0.03125,-1.90625,0.46875,-1.21875,1.21875,-0.1875,-1.1875,1.25,-0.03125,-0.9375,1.15625,1.125,1.375,-0.21875,0.09375,0.25,2.40625,-0.375,-0.1875,3.21875,-0.5
6.53125,418,0.21875,-1.5,-0.53125,-1.4375,1.21875,-0.125,-1.46875,1.25,-0.0625,-1.125,1.125,1.28125,1.25,-0.59375,0.25,-0.125,2.71875,-0.28125,-0.21875,3.9375,-0.875
6.546875,419,0.53125,1.53125,-0.6875,-0.96875,1.09375,-0.21875,-1.03125,1.15625,-0.125,-0.84375,1.15625,0.9375,1.34375,-1.28125,0.28125,-0.21875,3.21875,-0.15625,0.125,4.78125,-1.375
6.5625,420,0.59375,2.21875,-0.5625,-0.125,1.03125,-0.125,-0.25,1.125,-0.125,-0.375,1.25,0.3125,1.125,-2.3125,0.25,0.34375,3.375,0.0625,0.34375,5.59375,-1.96875
6.578125,421,0.1875,0.625,-0.59375,-0.03125,1.0625,-0.125,0.0,1.0625,-0.03125,-0.03125,1.125,0.21875,0.53125,-3.1875,0.1875,0.875,3.375,0.28125,0.15625,6.1875,-2.4375
6.59375,422,-0.65625,-0.4375,0.375,-0.125,1.0625,-0.0625,-0.125,1.0625,0.0625,-0.09375,1.0625,0.34375,0.5,-3.6875,0.03125,0.9375,3.25,0.21875,-0.5625,6.59375,-2.9375
6.609375,423,-0.6875,-0.3125,1.0625,-0.1875,0.9375,-0.03125,-0.21875,1.0625,0.03125,-0.15625,1.0,0.34375,1.1875,-3.625,0.3125,1.09375,3.28125,-0.0625,-0.9375,6.84375,-3.1875
6.625,424,-0.09375,0.0,0.96875,0.0625,0.90625,0.0,0.03125,1.0,0.03125,0.0,0.9375,0.15625,1.40625,-3.1875,0.6875,1.21875,2.75,-0.3125,-1.03125,7.15625,-3.34375
6.640625,425,0.5625,0.21875,0.25,0.25,0.9375,0.0,0.1875,0.90625,0.0,0.125,0.875,0.03125,1.09375,-2.59375,1.25,1.875,1.625,-0.375,-0.78125,6.8125,-3.25
6.65625,426,0.8125,0.15625,0.03125,0.1875,0.96875,0.0,0.15625,0.8125,0.03125,0.0625,0.75,0.0625,-0.15625,-3.125,1.75,2.96875,1.0625,-0.375,0.75,5.625,-2.375
6.671875,427,0.4375,0.1875,0.25,0.0625,0.90625,0.0,0.03125,0.78125,0.03125,0.03125,0.71875,0.125,-1.46875,-3.84375,1.75,1.4375,1.25,-0.375,2.53125,0.65625,-0.34375
6.6875,428,0.0625,0.0625,0.34375,0.0625,0.84375,0.03125,0.03125,0.78125,0.0625,0.03125,0.6875,0.125,-1.65625,-3.65625,1.0625,1.875,1.0625,0.0,0.125,-3.28125,1.3125
6.703125,429,-0.125,-0.3125,0.46875,0.0625,0.8125,0.03125,0.0625,0.78125,0.09375,0.09375,0.6875,0.15625,-1.15625,-3.5625,0.8125,1.71875,0.5,-0.03125,-1.65625,-3.8125,1.625
6.71875,430,-0.15625,-0.84375,0.6875,0.0625,0.78125,0.03125,0.03125,0.78125,0.09375,0.09375,0.65625,0.15625,-0.71875,-3.09375,1.03125,1.21875,-0.34375,0.28125,-1.6875,-2.65625,1.46875
6.734375,431,-0.125,-1.0625,0.65625,0.0625,0.75,0.0625,0.0625,0.78125,0.125,0.125,0.6875,0.15625,-0.5625,-2.5,1.25,1.21875,-0.34375,0.28125,-0.125,-2.5625,1.5
6.75,432,0.0,-0.75,0.34375,0.09375,0.78125,0.0625,0.09375,0.78125,0.09375,0.1875,0.59375,0.09375,-0.4375,-2.125,1.125,-0.65625,-1.90625,1.34375,1.28125,-3.53125,1.625
6.765625,433,0.1875,0.0,0.0625,0.09375,0.8125,0.0625,0.09375,0.75,0.09375,0.1875,0.53125,0.0625,-0.53125,-2.0625,0.96875,-0.0625,-2.125,1.4375,1.59375,-4.65625,1.59375
6.78125,434,0.28125,0.1875,0.0,0.09375,0.8125,0.03125,0.09375,0.6875,0.09375,0.15625,0.5,0.0625,-0.5625,-2.125,0.78125,0.34375,-2.65625,1.75,1.34375,-5.125,1.5
6.796875,435,0.21875,0.0,0.25,0.0625,0.8125,0.03125,0.0625,0.75,0.09375,0.15625,0.46875,0.09375,-0.4375,-2.25,0.625,0.5,-3.1875,1.9375,1.1875,-5.125,1.5625
6.8125,436,0.125,-0.3125,0.375,0.03125,0.84375,0.03125,0.03125,0.75,0.125,0.09375,0.4375,0.09375,-0.25,-2.0625,0.53125,0.46875,-3.6875,2.15625,1.3125,-4.875,1.75
6.828125,437,0.15625,-0.5,0.34375,0.0625,0.875,0.0625,0.03125,0.75,0.125,0.125,0.4375,0.125,0.0,-1.59375,0.4375,0.59375,-4.09375,2.21875,1.5,-4.875,1.84375
6.84375,438,0.125,-0.625,0.21875,0.0625,0.90625,0.03125,0.03125,0.71875,0.125,0.09375,0.40625,0.09375,0.125,-1.15625,0.4375,0.75,-4.4375,2.3125,1.6875,-5.09375,1.71875
6.859375,439,0.03125,-0.59375,-0.0625,0.03125,0.90625,0.0625,0.03125,0.71875,0.15625,0.125,0.40625,0.125,0.15625,-0.65625,0.40625,0.90625,-4.8125,2.40625,1.75,-5.375,1.4375
6.875,440,-0.0625,-0.40625,-0.25,-0.0625,0.875,0.0625,0.0,0.75,0.15625,0.09375,0.375,0.125,0.0625,-0.21875,0.375,0.96875,-5.09375,2.53125,1.9375,-5.5625,1.125
6.890625,441,-0.03125,-0.125,-0.28125,-0.03125,0.875,0.0625,-0.03125,0.78125,0.15625,0.09375,0.40625,0.15625,-0.09375,0.0625,0.34375,0.90625,-5.28125,2.625,2.28125,-5.6875,0.96875
6.90625,442,0.03125,0.03125,-0.375,-0.03125,0.90625,0.0625,0.0,0.8125,0.1875,0.125,0.40625,0.15625,-0.09375,0.21875,0.21875,1.0625,-5.375,2.625,2.5625,-5.625,1.0625
6.921875,443,0.0,-0.09375,-0.4375,-0.0625,0.9375,0.0625,0.0,0.84375,0.1875,0.125,0.4375,0.1875,-0.0625,0.375,0.03125,1.375,-5.375,2.5,2.78125,-5.46875,1.28125
6.9375,444,-0.15625,-0.28125,-0.625,-0.0625,0.96875,0.09375,-0.03125,0.90625,0.21875,0.125,0.4375,0.21875,-0.15625,0.1875,-0.28125,1.71875,-5.0625,2.1875,2.8125,-5.28125,1.375
6.953125,445,-0.3125,-0.375,-0.9375,-0.0625,1.0,0.09375,0.0,0.96875,0.25,0.15625,0.46875,0.21875,0.6875,-0.28125,-0.34375,2.0625,-4.5,1.65625,2.46875,-5.21875,0.84375
6.96875,446,-0.53125,-0.625,-1.1875,-0.0625,1.0625,0.125,-0.03125,1.03125,0.25,0.15625,0.5,0.25,1.59375,0.375,-0.0625,1.5,-3.78125,1.03125,1.375,-4.78125,-0.03125
6.984375,447,-0.71875,-0.90625,-1.59375,-0.09375,1.09375,0.09375,-0.0625,1.0625,0.25,0.15625,0.625,0.28125,2.65625,0.21875,0.46875,0.40625,-3.03125,0.71875,0.03125,-3.8125,-0.625
7.0,448,-0.875,-1.09375,-1.5625,-0.0625,1.125,0.09375,-0.03125,1.125,0.21875,0.125,0.6875,0.28125,1.875,0.15625,0.9375,0.03125,-2.21875,0.5625,-0.375,-2.5,-0.90625
7.015625,449,-0.75,-1.21875,-1.65625,0.09375,1.125,0.125,0.09375,1.125,0.21875,0.25,0.8125,0.21875,0.15625,0.84375,0.53125,0.53125,-1.3125,0.34375,-1.1875,-0.5625,-1.21875
7.03125,450,-0.46875,-1.1875,-1.59375,0.28125,1.1875,0.15625,0.28125,1.1875,0.21875,0.40625,0.9375,0.09375,0.96875,0.90625,0.15625,0.25,-0.15625,-0.09375,-2.625,1.5,-1.4375
7.046875,451,-0.25,-0.59375,-1.65625,0.21875,1.1875,0.1875,0.21875,1.21875,0.1875,0.21875,1.03125,0.125,0.03125,0.09375,-0.15625,-0.75,1.0,-0.46875,-3.125,3.0,-1.15625
7.0625,452,0.125,0.53125,-1.46875,0.25,1.21875,0.1875,0.21875,1.25,0.1875,0.25,1.125,0.1875,-0.1875,0.0625,-0.71875,-0.71875,0.8125,-0.875,-0.53125,3.84375,-0.1875
7.078125,453,0.34375,0.9375,-1.375,0.34375,1.15625,0.21875,0.34375,1.28125,0.21875,0.3125,1.3125,0.15625,-0.125,1.84375,-0.8125,-1.125,0.25,-1.0,-0.59375,5.125,-1.46875
7.09375,454,0.28125,0.8125,-1.125,0.46875,1.09375,0.25,0.40625,1.25,0.25,0.4375,1.53125,0.1875,1.53125,0.03125,-1.09375,-1.53125,1.28125,-0.4375,0.125,4.1875,-0.78125
7.109375,455,0.40625,0.4375,-0.28125,0.5625,1.03125,0.25,0.5,1.25,0.3125,0.5625,1.71875,0.09375,-1.15625,-0.90625,-0.96875,-1.375,2.09375,-0.53125,-0.28125,1.84375,0.375
7.125,456,0.375,0.21875,0.1875,0.71875,0.875,0.3125,0.6875,1.1875,0.3125,0.75,1.875,-0.03125,-1.53125,0.21875,-0.3125,-1.53125,2.59375,-0.59375,0.3125,0.34375,0.28125
7.140625,457,0.28125,0.53125,0.46875,0.78125,0.59375,0.375,0.84375,1.28125,0.3125,1.03125,1.96875,-0.1875,-0.4375,0.5625,0.0,-3.46875,2.0,-0.8125,0.1875,0.21875,0.46875
7.15625,458,0.15625,0.65625,0.375,0.78125,0.21875,0.5,0.96875,1.4375,0.3125,1.1875,2.125,-0.25,2.9375,0.5625,0.65625,-2.53125,2.09375,-0.53125,-0.15625,0.125,0.5625
7.171875,459,-0.15625,0.375,-0.1875,0.8125,-0.15625,0.5,1.0625,1.625,0.34375,1.25,2.15625,-0.34375,3.84375,0.96875,1.21875,0.21875,1.75,-0.59375,-0.15625,0.0,0.4375
7.1875,460,-0.125,0.59375,-0.21875,0.8125,-0.8125,0.5625,1.0625,1.9375,0.375,1.125,2.34375,-0.3125,3.375,1.625,-0.03125,2.21875,1.625,-0.65625,-0.09375,0.09375,0.375
7.203125,461,-0.03125,0.15625,-0.125,0.5625,-1.34375,0.5,0.84375,2.3125,0.34375,1.0,2.625,-0.0625,1.75,1.0625,-0.75,1.46875,1.34375,-0.40625,0.09375,0.1875,0.4375
7.21875,462,0.21875,-0.75,0.0625,0.15625,-1.8125,0.4375,0.46875,2.625,0.3125,0.6875,2.8125,0.34375,-0.65625,0.625,-0.71875,-1.15625,0.84375,-0.28125,0.34375,0.1875,0.71875
7.234375,463,0.59375,-0.59375,0.21875,-0.375,-2.03125,0.40625,-0.09375,2.78125,0.28125,0.40625,2.59375,0.84375,-1.40625,0.90625,-0.46875,-2.375,0.6875,-0.3125,0.4375,0.25,1.03125
7.25,464,0.875,0.21875,0.5,-1.03125,-2.125,0.46875,-0.75,2.59375,0.3125,-0.21875,2.15625,1.25,-1.53125,0.5625,-0.6875,-1.125,0.75,-0.25,0.375,0.375,1.03125
7.265625,465,1.0,0.875,0.59375,-1.21875,-2.09375,0.5625,-1.03125,2.15625,0.1875,-0.28125,1.75,1.3125,-1.03125,0.65625,-0.75,0.03125,0.4375,-0.1875,-0.125,0.40625,1.0
7.28125,466,0.71875,0.875,0.46875,-1.15625,-2.125,0.59375,-0.96875,1.65625,0.125,-0.375,1.25,1.125,-0.90625,0.6875,-0.625,0.3125,0.46875,-0.21875,-0.40625,0.4375,1.09375
7.296875,467,0.3125,0.75,0.3125,-0.875,-2.15625,0.46875,-0.6875,1.125,0.09375,-0.28125,0.78125,0.78125,-1.125,0.65625,-0.625,-0.375,0.34375,-0.25,-0.40625,0.46875,1.03125
7.3125,468,0.1875,0.5,0.375,-0.4375,-2.1875,0.375,-0.34375,0.5625,0.09375,-0.0625,0.3125,0.375,-1.15625,0.71875,-0.46875,-1.09375,0.3125,-0.21875,-0.40625,0.4375,0.96875
7.328125,469,0.34375,0.28125,0.5,-0.03125,-2.1875,0.25,0.09375,-0.03125,0.15625,0.1875,-0.15625,-0.0625,-1.0625,0.75,-0.25,-1.0625,0.28125,-0.28125,-0.375,0.40625,0.875
