Field,Time,LANK:X,LANK:Y,LANK:Z,LKNE:X,LKNE:Y,LKNE:Z,LTHI:X,LTHI:Y,LTHI:Z,LTOE:X,LTOE:Y,LTOE:Z,SACR:X,SACR:Y,SACR:Z,RANK:X,RANK:Y,RANK:Z,RASI:X,RASI:Y,RASI:Z,LTIB:X,LTIB:Y,LTIB:Z,LASI:X,LASI:Y,LASI:Z,RTHI:X,RTHI:Y,RTHI:Z,RTOE:X,RTOE:Y,RTOE:Z,RKNE:X,RKNE:Y,RKNE:Z,RTIB:X,RTIB:Y,RTIB:Z,LHEE:X,LHEE:Y,LHEE:Z,RHEE:X,RHEE:Y,RHEE:Z
1,0,2037.4,200.56,57.507,1970.2,155.82,495.66,1969.2,98.421,575.27,1922.1,226.64,37.142,2088.1,246.46,1017.7,2040,370.61,134.13,,,,2015.4,153.38,143.74,,,,1861,448,599.06,1931.5,376.78,64.084,1838.9,401.2,523.89,2000,418.55,224.84,2091.6,236.88,47.214,2083,320.66,124.65
2,0.01,2037.3,200.7,57.523,1965.2,155.12,494.65,1962.6,98.045,574.76,1922.2,226.16,37.129,2073.4,247.56,1015.4,1994.9,370.36,124.25,,,,2014.9,153.19,143.94,,,,1837.3,446.15,601.94,1882.8,377.78,61.639,1815.1,399.17,526.52,1960.5,418.16,217.43,2091.5,237.15,47.52,2036.6,319.89,111.98
3,0.02,2037.2,200.85,57.596,1959.7,154.5,493.5,1955.5,97.705,574.02,1922.2,225.79,37.081,2058.6,248.77,1012.8,1949.5,370.04,115.22,,,,2014.1,153.09,143.96,,,,1814.1,444.31,603.91,1834.3,378.34,59.691,1791.9,397.3,528.35,1920.9,417.7,210.45,2091.3,237.46,47.86,1990.1,319.11,100.39
4,0.03,2037,201,57.727,1953.6,153.97,492.22,1947.7,97.402,573.04,1922.1,225.51,37.001,2043.7,250.08,1009.9,1903.8,369.65,107.04,,,,2013,153.07,143.8,,,,1791.4,442.48,604.96,1785.8,378.44,58.261,1769.3,395.59,529.37,1881.2,417.18,203.93,2091.1,237.82,48.235,1943.4,318.32,89.877
5,0.04,2036.8,201.15,57.916,1947,153.53,490.82,1939.4,97.136,571.83,1922.1,225.34,36.894,2028.6,251.49,1006.9,1858,369.18,99.723,,,,2011.6,153.15,143.48,,,,1769.3,440.69,605.12,1737.6,378.13,57.404,1747.3,394.04,529.6,1841.6,416.6,197.87,2090.8,238.22,48.655,1896.6,317.53,80.459
6,0.05,2036.5,201.31,58.161,1939.9,153.17,489.3,1930.4,96.906,570.4,1922,225.27,36.768,2013.4,253.01,1003.6,1812.1,368.64,93.314,,,,2009.9,153.33,143.01,,,,1747.9,438.98,604.38,1689.6,377.42,57.214,1725.8,392.64,529.05,1801.9,415.95,192.31,2090.4,238.66,49.136,1849.7,316.73,72.137
7,0.06,2036.2,201.48,58.464,1932.2,152.9,487.68,1920.9,96.71,568.76,1921.8,225.28,36.635,1998,254.63,1000.2,1766.1,368.05,87.858,,,,2007.9,153.6,142.43,,,,1727.1,437.37,602.8,1641.9,376.36,57.816,1704.9,391.37,527.74,1762.3,415.27,187.32,2090,239.11,49.705,1802.9,315.97,64.909
8,0.07,2035.8,201.69,58.821,1924.2,152.7,485.97,1910.9,96.545,566.94,1921.7,225.36,36.508,1982.5,256.33,996.57,1720.2,367.42,83.399,,,,2005.7,153.95,141.82,,,,1706.9,435.9,600.41,1594.7,374.98,59.345,1684.6,390.23,525.71,1723,414.55,182.94,2089.5,239.58,50.397,1756.1,315.25,58.76
9,0.08,2035.3,201.94,59.229,1915.7,152.57,484.2,1900.6,96.405,564.98,1921.4,225.49,36.398,1966.7,258.12,992.82,1674.7,366.75,79.964,,,,2003.2,154.35,141.26,,,,1687.5,434.6,597.28,1548.1,373.32,61.91,1664.9,389.18,523.04,1683.9,413.84,179.21,2089,240.05,51.253,1709.7,314.62,53.655
10,0.09,2034.8,202.25,59.683,1906.9,152.48,482.4,1890.1,96.281,562.94,1921.2,225.65,36.317,1950.7,259.97,988.97,1629.8,366.06,77.55,,,,2000.7,154.74,140.84,,,,1668.7,433.48,593.5,1502.4,371.37,65.571,1645.8,388.24,519.79,1645.3,413.12,176.17,2088.4,240.51,52.319,1663.9,314.11,49.531
11,0.1,2034.3,202.64,60.179,1897.8,152.42,480.61,1879.4,96.161,560.86,1920.9,225.82,36.273,1934.5,261.87,985.08,1585.7,365.33,76.107,,,,1998,155.08,140.62,,,,1650.7,432.54,589.16,1457.8,369.14,70.312,1627.3,387.39,516.07,1607.5,412.42,173.79,2087.7,240.94,53.638,1618.8,313.73,46.298
12,0.11,2033.7,203.1,60.725,1888.5,152.37,478.84,1868.8,96.037,558.82,1920.6,225.99,36.271,1918,263.81,981.18,1543,364.56,75.527,,,,1995.4,155.34,140.63,,,,1633.3,431.77,584.4,1414.6,366.6,76.024,1609.3,386.63,511.97,1570.6,411.7,172,2087,241.35,55.253,1574.9,313.47,43.831
13,0.12,2033.2,203.62,61.342,1878.9,152.34,477.12,1858.2,95.904,556.86,1920.1,226.15,36.314,1901.3,265.74,977.32,1502,363.71,75.639,,,,1992.7,155.49,140.91,,,,1616.4,431.16,579.37,1373.1,363.73,82.487,1591.8,385.96,507.62,1534.9,410.97,170.72,2086.2,241.72,57.204,1532.6,313.27,41.98
14,0.13,2032.7,204.17,62.083,1869.1,152.3,475.45,1847.7,95.766,555.01,1919.6,226.28,36.407,1884.2,267.67,973.56,1463,362.73,76.218,,,,1990,155.54,141.47,,,,1600,430.67,574.22,1333.7,360.53,89.361,1574.6,385.38,503.16,1500.7,410.17,169.8,2085.3,242.03,59.535,1492.4,313.03,40.577
15,0.14,2032.2,204.67,63.036,1858.9,152.26,473.84,1837.2,95.635,553.29,1919,226.37,36.553,1866.9,269.54,969.95,1426.6,361.59,76.997,,,,1987.2,155.49,142.3,,,,1583.7,430.26,569.11,1296.9,357,96.181,1557.6,384.86,498.73,1468.3,409.27,169.09,2084.4,242.24,62.296,1454.7,312.64,39.454
16,0.15,2031.6,205.04,64.328,1848.4,152.21,472.27,1826.7,95.533,551.7,1918.2,226.38,36.753,1849.3,271.35,966.53,1393,360.23,77.699,,,,1984.3,155.35,143.44,,,,1567.4,429.9,564.22,1263.1,353.17,102.39,1540.5,384.36,494.47,1438,408.22,168.41,2083.4,242.31,65.545,1420.1,311.99,38.453
17,0.16,2030.9,205.19,66.112,1837.3,152.17,470.7,1815.8,95.49,550.21,1917.2,226.29,37,1831.3,273.07,963.34,1362.6,358.63,78.067,,,,1981.1,155.12,144.92,,,,1550.9,429.53,559.7,1232.6,349.12,107.37,1523.4,383.83,490.54,1410,406.99,167.63,2082.2,242.18,69.351,1388.9,311.03,37.449
18,0.17,2029.8,205.01,68.546,1825.6,152.11,469.12,1804.5,95.53,548.77,1916.2,226.05,37.272,1813.2,274.66,960.44,1335.5,356.83,77.904,,,,1977.7,154.79,146.8,,,,1533.8,429.09,555.7,1205.7,344.92,110.54,1505.8,383.2,487.07,1384.4,405.56,166.63,2080.7,241.78,73.798,1361.5,309.75,36.365
19,0.18,2028.3,204.42,71.757,1813.1,152.04,467.48,1792.5,95.668,547.34,1915,225.64,37.533,1794.8,276.12,957.86,1312,354.86,77.106,,,,1974,154.3,149.16,,,,1516.1,428.53,552.36,1182.5,340.71,111.44,1487.7,382.4,484.2,1361.4,403.94,165.37,2079,241.06,78.977,1338.1,308.2,35.187
20,0.19,2026,203.35,75.823,1799.6,151.92,465.75,1779.5,95.902,545.85,1913.8,225.04,37.728,1776.2,277.42,955.64,1291.9,352.79,75.682,,,,1969.7,153.59,152.06,,,,1497.6,427.79,549.8,1162.9,336.61,109.83,1469.1,381.38,482.04,1340.7,402.14,163.89,2076.7,239.94,84.977,1318.7,306.5,33.976
21,0.2,2023,201.75,80.754,1784.9,151.75,463.9,1765.2,96.207,544.26,1912.7,224.24,37.795,1757.4,278.55,953.8,1275.1,350.71,73.752,,,,1964.8,152.54,155.6,,,,1478.2,426.87,548.12,1146.7,332.77,105.73,1449.8,380.1,480.67,1322.2,400.23,162.29,2073.7,238.33,91.875,1303.2,304.79,32.854
22,0.21,2018.8,199.58,86.498,1768.8,151.48,461.89,1749.4,96.544,542.51,1911.5,223.26,37.677,1738.6,279.49,952.38,1261.4,348.69,71.518,,,,1959.1,151.01,159.83,,,,1458,425.75,547.39,1133.4,329.31,99.481,1430,378.57,480.16,1305.6,398.27,160.73,2069.7,236.14,99.717,1291.1,303.2,31.984
23,0.22,2013.4,196.77,92.95,1751.2,151.09,459.72,1731.9,96.855,540.58,1910.4,222.14,37.345,1719.7,280.24,951.4,1250.3,346.8,69.221,,,,1952.2,148.9,164.75,,,,1437.2,424.46,547.68,1122.7,326.33,91.672,1409.8,376.83,480.51,1290.6,396.33,159.36,2064.2,233.27,108.5,1282.2,301.83,31.519
24,0.23,2006.5,193.3,99.965,1732,150.56,457.38,1712.6,97.079,538.44,1909.1,220.91,36.823,1700.9,280.79,950.85,1241.5,345.08,67.098,,,,1943.8,146.09,170.3,,,,1415.8,423.04,549.01,1114,323.87,83.057,1389.3,374.93,481.71,1277,394.5,158.33,2056.9,229.62,118.15,1275.7,300.77,31.559
25,0.24,1997.6,189.12,107.38,1711.2,149.84,454.92,1691.5,97.153,536.13,1907.5,219.65,36.211,1682.2,281.15,950.75,1234.5,343.58,65.324,,,,1933.5,142.55,176.31,,,,1394.2,421.57,551.34,1107,321.93,74.421,1368.8,372.97,483.65,1264.5,392.84,157.69,2047.4,225.1,128.55,1271.2,300.05,32.114
26,0.25,1986.7,184.27,115.02,1688.6,148.94,452.37,1668.6,97.03,533.7,1905.3,218.36,35.697,1663.5,281.33,951.1,1229.1,342.29,63.994,,,,1920.9,138.3,182.54,,,,1372.5,420.12,554.56,1101.4,320.42,66.441,1348.6,371.07,486.22,1253,391.38,157.46,2035.4,219.67,139.51,1268.2,299.64,33.106
27,0.26,1973.4,178.82,122.73,1664.5,147.85,449.81,1644.1,96.683,531.26,1901.9,217.05,35.546,1645.1,281.33,951.88,1224.9,341.22,63.117,,,,1905.7,133.43,188.68,,,,1350.9,418.79,558.47,1097.1,319.24,59.59,1328.9,369.33,489.19,1242.7,390.14,157.52,2020.8,213.35,150.81,1266.2,299.49,34.398
28,0.27,1957.6,172.91,130.42,1638.7,146.59,447.37,1618.1,96.111,528.93,1897,215.66,36.076,1626.9,281.19,953.07,1221.7,340.35,62.64,,,,1887.6,128.14,194.44,,,,1329.9,417.66,562.77,1093.9,318.31,54.102,1310,367.88,492.34,1233.6,389.12,157.78,2003.4,206.26,162.22,1265,299.53,35.832
29,0.28,1939.2,166.75,138.04,1611.6,145.19,445.15,1591.1,95.348,526.88,1889.7,214.09,37.602,1608.9,280.92,954.65,1219.2,339.64,62.479,,,,1866.6,122.65,199.64,,,,1309.8,416.84,567.11,1091.6,317.57,50.001,1292.3,366.79,495.42,1225.7,388.3,158.11,1983.4,198.64,173.52,1264.2,299.69,37.26
30,0.29,1918.5,160.56,145.59,1583.1,143.71,443.3,1563.3,94.451,525.26,1879.4,212.18,40.362,1591.3,280.55,956.61,1217.4,339.08,62.537,,,,1843,117.26,204.23,,,,1290.9,416.4,571.1,1089.9,316.98,47.152,1276,366.16,498.2,1219.2,387.68,158.42,1961,190.85,184.49,1263.6,299.88,38.557
31,0.3,1895.4,154.57,153.12,1553.6,142.19,441.98,1535.1,93.497,524.24,1865.6,209.75,44.446,1573.8,280.12,958.91,1216,338.65,62.724,,,,1816.9,112.2,208.32,,,,1273.9,416.41,574.45,1088.8,316.54,45.332,1261.3,366.02,500.53,1214,387.24,158.64,1936.4,183.31,194.95,1263.3,300.05,39.639
32,0.31,1870.3,149.02,160.64,1523.2,140.7,441.32,1506.7,92.565,523.98,1847.8,206.65,49.739,1556.6,279.65,961.54,1215.1,338.32,62.962,,,,1788.9,107.68,212.15,,,,1258.9,416.92,576.93,1088.1,316.24,44.284,1248.4,366.37,502.3,1210,386.96,158.75,1910.2,176.48,204.71,1263,300.16,40.46
33,0.32,1843.4,144.06,168.12,1492.1,139.28,441.44,1478.3,91.725,524.57,1825.9,202.77,55.942,1539.7,279.17,964.47,1214.5,338.1,63.189,,,,1759.4,103.83,215.98,,,,1246.1,417.93,578.49,1087.7,316.06,43.764,1237.2,367.14,503.51,1207.2,386.86,158.77,1882.5,170.74,213.63,1262.9,300.2,41.009
34,0.33,1814.8,139.84,175.45,1460.5,137.97,442.45,1450,91.024,526.08,1800,198.11,62.631,1522.9,278.69,967.68,1214.2,337.96,63.362,,,,1728.7,100.68,220.06,,,,1235.7,419.36,579.19,1087.5,316,43.568,1227.7,368.27,504.19,1205.3,386.92,158.7,1853.6,166.33,221.56,1262.7,300.16,41.309
35,0.34,1784.9,136.39,182.45,1428.4,136.83,444.41,1421.9,90.482,528.53,1770.5,192.79,69.364,1506.4,278.24,971.14,1214.1,337.92,63.453,,,,1697.2,98.206,224.51,,,,1227.2,421.11,579.19,1087.4,316.05,43.547,1219.7,369.65,504.45,1204.3,387.16,158.59,1823.6,163.34,228.36,1262.7,300.06,41.4
36,0.35,1753.6,133.72,188.92,1396.2,135.87,447.33,1393.8,90.091,531.85,1737.7,187.04,75.757,1489.9,277.82,974.83,1214.2,337.95,63.453,,,,1665.1,96.321,229.37,,,,1220.4,423.06,578.7,1087.4,316.19,43.601,1213.1,371.19,504.38,1203.8,387.55,158.47,1792.7,161.69,233.92,1262.6,299.9,41.336
37,0.36,1721.1,131.74,194.61,1363.9,135.11,451.2,1365.8,89.826,535.99,1702.2,181.15,81.535,1473.5,277.42,978.71,1214.3,338.04,63.369,,,,1632.5,94.937,234.51,,,,1214.7,425.07,577.98,1087.5,316.4,43.664,1207.5,372.8,504.12,1203.7,388.09,158.36,1760.9,161.15,238.11,1262.7,299.71,41.173
38,0.37,1687.6,130.37,199.32,1331.7,134.59,455.96,1337.7,89.653,540.83,1664.4,175.41,86.537,1457.2,277.04,982.73,1214.6,338.18,63.223,1256.5,375.08,933.45,1599.5,93.964,239.74,,,,1209.8,427.02,577.21,1087.7,316.65,43.701,1202.6,374.4,503.76,1203.9,388.72,158.28,1728.2,161.43,240.87,1262.7,299.53,40.963
39,0.38,1653,129.49,202.88,1299.7,134.31,461.51,1309.4,89.546,546.25,1624.7,170.07,90.693,1440.9,276.68,986.85,1214.9,338.34,63.047,1242.2,376.89,937.55,1566,93.314,244.77,,,,1205.2,428.83,576.56,1087.8,316.93,43.691,1198.4,375.95,503.39,1204.2,389.41,158.22,1694.7,162.24,242.15,1262.8,299.37,40.746
40,0.39,1617.4,128.99,205.19,1268.1,134.27,467.75,1281,89.493,552.13,1583.5,165.31,93.995,1424.6,276.32,990.99,1215.2,338.51,62.878,1227.8,378.6,941.33,1532,92.917,249.29,,,,1200.5,430.44,576.14,1087.9,317.2,43.622,1194.4,377.38,503.06,1204.4,390.11,158.18,1660.5,163.32,241.93,1262.8,299.25,40.55
41,0.4,1581,128.8,206.16,1236.9,134.49,474.53,1252.6,89.499,558.36,1541.1,161.22,96.464,1408.4,275.96,995.09,1215.5,338.67,62.749,1213.3,380.23,944.78,1497.5,92.723,253.01,,,,1195.7,431.81,575.96,1087.9,317.43,43.493,1190.7,378.66,502.8,1204.5,390.76,158.17,1625.4,164.46,240.25,1262.9,299.2,40.393
42,0.41,1543.8,128.85,205.78,1206.2,134.96,481.71,1224.2,89.582,564.8,1497.6,157.82,98.129,1392.1,275.58,999.06,1215.6,338.81,62.687,1198.6,381.76,947.9,1462.4,92.698,255.76,,,,1190.6,432.94,576.02,1087.9,317.59,43.306,1186.9,379.77,502.62,1204.4,391.32,158.17,1589.6,165.54,237.16,1262.9,299.21,40.285
43,0.42,1505.8,129.1,204.06,1176.1,135.65,489.15,1195.9,89.767,571.36,1453.5,155.05,99.027,1375.8,275.17,1002.8,1215.7,338.9,62.704,1183.9,383.21,950.69,1426.7,92.817,257.43,,,,1185.2,433.82,576.26,1087.7,317.67,43.073,1183,380.66,502.52,1204.1,391.75,158.17,1552.9,166.54,232.73,1263,299.27,40.238
44,0.43,1467.2,129.53,201.08,1146.5,136.55,496.69,1168,90.079,577.92,1408.7,152.84,99.205,1359.5,274.74,1006.3,1215.7,338.93,62.804,1169,384.58,953.14,1390.5,93.069,258.01,,,,1179.4,434.45,576.61,1087.5,317.67,42.814,1178.9,381.33,502.47,1203.6,392.02,158.19,1515.5,167.45,227.08,1262.9,299.34,40.264
45,0.44,1428.1,130.14,196.91,1117.6,137.63,504.21,1140.5,90.536,584.39,1363.5,151.08,98.731,1343.2,274.28,1009.5,1215.5,338.88,62.98,1153.9,385.88,955.23,1353.9,93.462,257.55,,,,1173.4,434.85,576.97,1087.3,317.62,42.551,1174.6,381.79,502.43,1202.9,392.11,158.2,1477.2,168.33,220.29,1262.8,299.38,40.377
46,0.45,1388.3,130.92,191.68,1089.4,138.85,511.55,1113.6,91.146,590.69,1317.9,149.73,97.684,1326.9,273.8,1012.2,1215.3,338.75,63.216,1138.8,387.11,956.93,1316.9,94.016,256.13,,,,1167,435.02,577.26,1087.1,317.55,42.306,1170,382.04,502.37,1202,392.02,158.21,1438.1,169.26,212.5,1262.7,299.34,40.59
47,0.46,1347.9,131.89,185.5,1061.8,140.16,518.58,1087.3,91.901,596.71,1271.9,148.74,96.154,1310.6,273.28,1014.4,1214.9,338.52,63.492,1123.5,388.27,958.25,1279.5,94.755,253.82,1126,172.86,954.19,1160.4,435.01,577.42,1086.9,317.51,42.095,1165.2,382.11,502.25,1201,391.78,158.21,1398.2,170.31,203.8,1262.4,299.16,40.905
48,0.47,1306.9,133.06,178.54,1034.9,141.53,525.18,1061.7,92.783,602.38,1225.6,148.12,94.234,1294.4,272.74,1016.1,1214.5,338.21,63.787,1108.2,389.37,959.15,1241.7,95.692,250.72,1109.4,173.49,956.59,1153.5,434.85,577.4,1086.8,317.5,41.929,1160,382.04,502.04,1199.8,391.41,158.21,1357.6,171.55,194.33,1262.2,298.81,41.315
49,0.48,1265.2,134.42,170.93,1008.7,142.9,531.22,1036.7,93.76,607.61,1178.8,147.9,92.014,1278.2,272.17,1017.2,1214,337.83,64.084,1092.8,390.41,959.62,1203.5,96.821,246.9,1092.7,174.1,958.4,1146.4,434.59,577.17,1086.7,317.52,41.811,1154.5,381.88,501.71,1198.6,390.95,158.19,1316.1,173.03,184.21,1261.8,298.29,41.799
50,0.49,1222.8,135.96,162.85,983.2,144.22,536.61,1012.4,94.799,612.3,1131.6,148.13,89.579,1262,271.57,1017.8,1213.5,337.41,64.368,1077.4,391.36,959.64,1164.8,98.12,242.45,1076,174.67,959.64,1138.9,434.27,576.72,1086.7,317.55,41.737,1148.7,381.67,501.25,1197.2,390.44,158.16,1273.8,174.76,173.56,1261.5,297.66,42.328
51,0.5,1179.6,137.65,154.47,958.37,145.46,541.24,988.72,95.863,616.37,1084.1,148.84,87.009,1245.9,270.94,1017.7,1212.9,336.97,64.637,1062,392.23,959.22,1125.5,99.55,237.45,1059.3,175.2,960.31,1131,433.94,576.06,1086.6,317.55,41.695,1142.5,381.43,500.63,1195.6,389.91,158.12,1230.7,176.73,162.54,1261.2,296.98,42.877
52,0.51,1135.7,139.47,145.98,934.25,146.58,545.02,965.62,96.918,619.73,1036.1,150.08,84.395,1229.8,270.27,1017,1212.3,336.53,64.901,1046.6,393.01,958.36,1085.9,101.07,232.02,1042.5,175.69,960.41,1122.6,433.61,575.18,1086.5,317.5,41.67,1135.8,381.21,499.85,1193.9,389.41,158.07,1186.7,178.91,151.31,1261,296.31,43.434
53,0.52,1091,141.39,137.55,910.88,147.54,547.89,943.12,97.926,622.3,987.81,151.87,81.846,1213.7,269.54,1015.8,1211.7,336.12,65.178,1031.3,393.69,957.05,1045.8,102.66,226.27,1025.7,176.15,959.95,1113.8,433.31,574.1,1086.4,317.39,41.647,1128.6,381,498.89,1192,388.94,158.02,1142,181.23,140.06,1260.8,295.73,44.006
54,0.53,1045.6,143.37,129.39,888.26,148.32,549.78,921.21,98.844,624.01,939.25,154.17,79.511,1197.6,268.74,1014.1,1211.1,335.73,65.492,1016.1,394.3,955.33,1005.4,104.28,220.35,1008.9,176.59,958.94,1104.4,433.02,572.82,1086.2,317.21,41.614,1121,380.82,497.78,1189.8,388.51,157.96,1096.6,183.66,128.97,1260.7,295.24,44.618
55,0.54,999.61,145.42,121.67,866.44,148.92,550.67,899.94,99.627,624.79,890.5,156.96,77.574,1181.5,267.87,1011.9,1210.5,335.37,65.87,1001,394.85,953.22,964.93,105.93,214.38,991.94,176.99,957.41,1094.4,432.74,571.35,1086,316.98,41.565,1112.8,380.66,496.5,1187.4,388.11,157.91,1050.5,186.15,118.23,1260.6,294.84,45.308
56,0.55,953.12,147.52,114.54,845.43,149.32,550.55,879.39,100.23,624.58,841.69,160.14,76.254,1165.3,266.91,1009.3,1210,335.03,66.337,985.99,395.35,950.77,924.44,107.62,208.54,974.91,177.39,955.39,1084,432.47,569.71,1085.8,316.71,41.504,1104.2,380.51,495.08,1184.9,387.73,157.88,1003.9,188.68,108.03,1260.5,294.47,46.121
57,0.56,906.31,149.68,108.14,825.25,149.56,549.44,859.62,100.63,623.34,792.95,163.62,75.774,1149.1,265.85,1006.3,1209.5,334.69,66.918,971.03,395.83,948,884.07,109.33,202.98,957.78,177.8,952.92,1073.2,432.18,567.91,1085.6,316.41,41.436,1095.2,380.36,493.54,1182.1,387.36,157.89,956.88,191.2,98.559,1260.3,294.11,47.105
58,0.57,859.39,151.89,102.62,805.91,149.64,547.39,840.69,100.79,621.06,744.46,167.3,76.335,1132.7,264.68,1003.1,1209,334.32,67.637,956.11,396.3,944.96,843.91,111.07,197.88,940.51,178.22,950.03,1062.2,431.89,565.99,1085.3,316.1,41.372,1085.8,380.2,491.88,1179.3,386.98,157.96,909.6,193.69,89.981,1260.1,293.71,48.307
59,0.58,812.62,154.13,98.097,787.39,149.61,544.49,822.66,100.74,617.76,696.45,171.1,78.08,1116.2,263.4,999.67,1208.4,333.93,68.523,941.19,396.79,941.71,804.05,112.82,193.41,923.09,178.68,946.78,1051,431.61,563.99,1085.1,315.78,41.321,1076.1,380,490.14,1176.3,386.58,158.15,862.31,196.07,82.441,1259.8,293.24,49.769
60,0.59,766.31,156.36,94.66,769.63,149.49,540.84,805.52,100.48,613.51,649.2,174.94,81.065,1099.5,262.03,996.11,1207.8,333.54,69.605,926.21,397.32,938.28,764.59,114.57,189.72,905.49,179.19,943.25,1039.9,431.35,561.95,1084.8,315.48,41.294,1066.2,379.77,488.33,1173.4,386.18,158.48,815.31,198.29,76.044,1259.4,292.71,51.533
61,0.6,720.86,158.52,92.344,752.57,149.33,536.6,789.2,100.08,608.44,603.08,178.74,85.241,1082.6,260.56,992.47,1207.1,333.15,70.918,911.13,397.89,934.74,725.69,116.26,186.93,887.7,179.75,939.5,1028.8,431.14,559.91,1084.5,315.22,41.299,1056.1,379.49,486.49,1170.3,385.79,159,769.02,200.28,70.839,1259,292.16,53.636
62,0.61,676.74,160.56,91.099,736.08,149.15,531.93,773.62,99.571,602.73,558.49,182.45,90.434,1065.4,259.01,988.83,1206.3,332.84,72.498,895.88,398.51,931.12,687.59,117.87,185.09,869.69,180.38,935.6,1017.9,430.98,557.93,1084.2,315.04,41.343,1045.8,379.18,484.62,1167.3,385.44,159.76,723.94,202,66.795,1258.4,291.64,56.115
63,0.62,634.48,162.45,90.775,720.02,148.99,527.02,758.57,99.042,596.6,515.92,185.98,96.342,1048,257.41,985.24,1205.4,332.65,74.38,880.41,399.18,927.49,650.63,119.34,184.15,851.46,181.08,931.64,1007,430.89,556.02,1083.8,314.98,41.429,1035.2,378.85,482.75,1164.1,385.17,160.79,680.63,203.43,63.793,1257.8,291.26,59.007
64,0.63,594.68,164.19,91.117,704.22,148.9,522.05,743.84,98.563,590.31,475.92,189.28,102.54,1030.4,255.78,981.75,1204.4,332.62,76.602,864.68,399.86,923.88,615.29,120.65,183.95,832.99,181.82,927.7,996.11,430.84,554.18,1083.3,315.07,41.562,1024.4,378.5,480.88,1160.9,385.01,162.15,639.75,204.61,61.622,1257.1,291.08,62.354
65,0.64,557.91,165.78,91.781,688.46,148.89,517.19,729.14,98.209,584.15,439.02,192.26,108.49,1012.4,254.15,978.41,1203.1,332.82,79.195,848.65,400.55,920.33,582.11,121.83,184.17,814.29,182.61,923.86,985.02,430.8,552.4,1082.7,315.33,41.734,1013.2,378.16,479.03,1157.5,384.99,163.86,601.93,205.64,59.995,1256.2,291.19,66.201
66,0.65,524.71,167.27,92.369,672.56,149.02,512.63,714.17,98.039,578.39,405.76,194.83,113.6,994.23,252.56,975.27,1201.6,333.25,82.191,832.3,401.2,916.89,551.67,122.9,184.41,795.36,183.41,920.21,973.54,430.75,550.64,1081.8,315.76,41.929,1001.6,377.83,477.19,1153.9,385.14,165.98,567.76,206.61,58.592,1255.2,291.62,70.601
67,0.66,495.5,168.69,92.493,656.35,149.29,508.5,698.64,98.096,573.26,376.55,196.94,117.3,975.76,251.03,972.36,1199.8,333.92,85.614,815.61,401.81,913.58,524.51,123.94,184.21,776.21,184.19,916.81,961.48,430.64,548.85,1080.8,316.33,42.114,989.28,377.55,475.34,1150,385.49,168.52,537.72,207.65,57.105,1253.8,292.39,75.61
68,0.67,470.49,170.09,91.834,639.68,149.74,504.89,682.34,98.388,568.95,351.66,198.57,119.05,957.06,249.59,969.73,1197.5,334.81,89.486,798.57,402.32,910.42,501.03,125.02,183.21,756.87,184.93,913.74,948.63,430.48,547,1079.6,316.96,42.241,976.27,377.33,473.48,1145.6,386.02,171.53,512.13,208.84,55.308,1251.9,293.48,81.289
69,0.68,449.7,171.47,90.209,622.46,150.36,501.9,665.1,98.893,565.56,331.11,199.78,118.48,938.14,248.28,967.39,1194.7,335.88,93.824,781.17,402.71,907.43,481.35,126.19,181.16,737.37,185.59,911.06,934.8,430.24,545.04,1078.4,317.59,42.254,962.37,377.2,471.56,1140.7,386.76,175.01,491.07,210.2,53.103,1249.4,294.83,87.697
70,0.69,432.88,172.85,87.609,604.67,151.15,499.54,646.88,99.565,563.12,314.66,200.67,115.44,919.05,247.11,965.38,1191.1,337.09,98.642,763.43,402.96,904.62,465.26,127.48,178.07,717.73,186.13,908.82,919.86,429.95,542.95,1077,318.15,42.091,947.46,377.22,469.58,1135.1,387.68,178.99,474.36,211.68,50.547,1245.9,296.37,94.886
71,0.7,419.58,174.22,84.205,586.34,152.09,497.83,627.77,100.35,561.6,301.81,201.43,110.03,899.82,246.1,963.73,1186.5,338.43,103.95,745.38,403.03,902.01,452.2,128.9,174.16,698.02,186.52,907.06,903.68,429.65,540.73,1075.6,318.59,41.705,931.39,377.4,467.49,1128.5,388.8,183.46,461.57,213.21,47.848,1241.2,298.03,102.9
72,0.71,409.19,175.55,80.313,567.57,153.16,496.75,607.93,101.19,560.92,291.89,202.2,102.62,880.53,245.26,962.44,1180.7,339.9,109.76,727.05,402.91,899.63,441.32,130.46,169.88,678.27,186.72,905.83,886.16,429.38,538.37,1074.2,318.9,41.083,914.05,377.8,465.27,1120.8,390.12,188.39,452.08,214.65,45.314,1235,299.77,111.75
73,0.72,401.06,176.84,76.32,548.49,154.32,496.27,587.58,102.04,561.02,284.13,203.12,93.797,861.21,244.6,961.53,1173.5,341.51,116.09,708.5,402.58,897.5,431.62,132.14,165.74,658.54,186.73,905.14,867.26,429.21,535.89,1072.7,319.09,40.263,895.33,378.43,462.91,1111.7,391.65,193.75,445.14,215.9,43.274,1226.9,301.56,121.43
74,0.73,394.58,178.09,72.596,529.25,155.55,496.34,566.96,102.87,561.8,277.84,204.28,84.286,841.93,244.11,961.01,1164.5,343.3,122.94,689.77,402.03,895.64,422.11,133.92,162.2,638.89,186.52,905.02,846.94,429.19,533.32,1071,319.21,39.363,875.16,379.31,460.41,1100.9,393.38,199.46,440,216.88,41.989,1216.6,303.41,131.9
75,0.74,389.31,179.31,69.407,510.05,156.81,496.89,546.27,103.65,563.21,272.49,205.69,74.83,822.76,243.78,960.87,1153.7,345.33,130.32,670.93,401.26,894.1,412.11,135.76,159.58,619.38,186.09,905.45,825.21,429.38,530.7,1069,319.3,38.583,853.49,380.44,457.79,1088.3,395.31,205.45,436.05,217.54,41.578,1204,305.34,143.08
76,0.75,384.99,180.53,66.875,491.05,158.07,497.84,525.68,104.38,565.17,267.81,207.32,66.086,803.75,243.59,961.12,1140.7,347.61,138.19,652.03,400.28,892.91,401.41,137.59,157.92,600.07,185.45,906.43,802.15,429.82,528.11,1066.1,319.47,38.204,830.34,381.79,455.1,1073.6,397.44,211.62,432.83,217.89,41.983,1188.9,307.4,154.82
77,0.76,381.52,181.78,64.985,472.46,159.29,499.09,505.28,105.05,567.6,263.72,209.06,58.534,784.95,243.52,961.73,1125.6,350.13,146.52,633.14,399.1,892.13,390.34,139.36,157.03,581.01,184.6,907.93,777.89,430.5,525.65,1062.2,319.81,38.56,805.75,383.34,452.44,1056.8,399.73,217.89,430.1,217.97,43.006,1171.4,309.6,166.96
78,0.77,378.83,183.06,63.639,454.48,160.43,500.52,485.19,105.67,570.35,260.27,210.78,52.444,766.41,243.54,962.71,1108.3,352.84,155.25,614.29,397.75,891.77,379.58,141,156.59,562.23,183.57,909.91,752.61,431.42,523.43,1056.5,320.46,39.983,779.82,385.04,449.92,1037.8,402.11,224.17,427.74,217.85,44.378,1151.5,311.9,179.28
79,0.78,376.87,184.34,62.714,437.32,161.45,502,465.57,106.22,573.26,257.48,212.32,47.878,748.16,243.62,964.03,1088.9,355.6,164.28,595.53,396.26,891.9,369.81,142.47,156.33,543.79,182.37,912.33,726.55,432.53,521.61,1048.4,321.53,42.732,752.69,386.83,447.7,1016.6,404.5,230.41,425.7,217.59,45.833,1129.4,314.19,191.5
80,0.79,375.48,185.55,62.111,421.17,162.29,503.41,446.67,106.67,576.1,255.36,213.57,44.73,730.2,243.74,965.67,1067.4,358.26,173.45,576.9,394.66,892.53,361.55,143.71,156.03,525.7,181.04,915.12,699.92,433.74,520.32,1037.3,323.1,46.91,724.5,388.66,445.94,993.31,406.79,236.55,424.01,217.25,47.156,1105.4,316.32,203.32
81,0.8,374.46,186.59,61.777,406.23,162.89,504.65,428.85,106.99,578.66,253.85,214.47,42.778,712.55,243.87,967.62,1043.9,360.65,182.57,558.4,393.02,893.7,355.11,144.66,155.61,507.97,179.61,918.21,672.94,434.99,519.69,1022.4,325.21,52.414,695.41,390.48,444.8,968.08,408.86,242.54,422.68,216.9,48.208,1079.8,318.11,214.43
82,0.81,373.55,187.34,61.702,392.63,163.21,505.65,412.48,107.11,580.78,252.86,215.02,41.744,695.19,243.98,969.87,1018.6,362.63,191.39,540.06,391.37,895.41,350.57,145.25,155.05,490.6,178.11,921.55,645.76,436.2,519.85,1003.5,327.79,58.929,665.56,392.23,444.42,941.09,410.61,248.32,421.7,216.57,48.935,1052.7,319.4,224.49
83,0.82,372.54,187.7,61.886,380.47,163.22,506.38,397.89,106.95,582.36,252.3,215.27,41.343,678.1,244.07,972.39,991.63,364.1,199.62,521.86,389.75,897.67,347.78,145.45,154.37,473.58,176.57,925.07,618.43,437.33,520.87,980.16,330.73,65.974,635.1,393.88,444.91,912.52,411.98,253.8,421.07,216.32,49.351,1024.4,320.08,233.22
84,0.83,371.38,187.68,62.294,369.76,162.91,506.84,385.26,106.48,583.36,252.04,215.31,41.331,661.25,244.13,975.15,962.97,365.04,206.97,503.81,388.19,900.45,346.38,145.29,153.65,456.89,175.02,928.69,590.97,438.36,522.78,952.67,333.84,72.982,604.15,395.4,446.32,882.55,412.93,258.91,420.73,216.18,49.521,994.95,320.14,240.37
85,0.84,370.14,187.34,62.848,360.47,162.3,507.04,374.62,105.68,583.84,251.98,215.2,41.516,644.59,244.16,978.15,932.76,365.49,213.15,485.88,386.73,903.73,345.93,144.82,152.96,440.51,173.49,932.38,563.33,439.3,525.57,921.33,336.95,79.405,572.85,396.79,448.66,851.36,413.49,263.51,420.63,216.19,49.529,964.49,319.64,245.74
86,0.85,368.95,186.8,63.455,352.49,161.42,507.01,365.8,104.6,583.89,252.04,215,41.768,628.1,244.18,981.33,901.09,365.53,217.95,468.07,385.38,907.46,346.01,144.13,152.35,424.39,172,936.06,535.44,440.16,529.2,886.64,339.87,84.794,541.31,398.02,451.91,819.12,413.71,267.49,420.7,216.33,49.465,933.05,318.72,249.24
87,0.86,367.92,186.18,64.038,345.68,160.35,506.81,358.49,103.3,583.63,252.15,214.75,42.007,611.72,244.19,984.67,868.08,365.27,221.19,450.34,384.15,911.57,346.27,143.31,151.86,408.51,170.57,939.69,507.26,441,533.58,849.15,342.48,88.863,509.67,399.11,455.98,785.98,413.66,270.72,420.87,216.59,49.401,900.67,317.53,250.8
88,0.87,367.13,185.55,64.538,339.87,159.14,506.48,352.31,101.89,583.2,252.27,214.49,42.192,595.44,244.24,988.11,833.83,364.81,222.81,432.69,383.04,915.98,346.5,142.46,151.51,392.83,169.22,943.22,478.79,441.84,538.59,809.36,344.72,91.513,478.07,400.05,460.79,752.07,413.41,273.13,421.09,216.92,49.385,867.41,316.26,250.42
89,0.88,366.59,185,64.925,334.87,157.88,506.06,346.87,100.5,582.74,252.38,214.22,42.307,579.21,244.34,991.6,798.44,364.25,222.77,415.11,382.03,920.59,346.53,141.69,151.29,377.33,167.95,946.6,450.09,442.69,544.13,767.68,346.58,92.804,446.66,400.85,466.21,717.53,413.04,274.64,421.31,217.25,49.446,833.29,315.04,248.17
90,0.89,366.28,184.56,65.189,330.47,156.61,505.61,341.82,99.197,582.34,252.45,213.95,42.351,563.03,244.52,995.07,762.04,363.63,221.11,397.59,381.13,925.29,346.32,141.08,151.18,361.97,166.77,949.79,421.28,443.55,550.04,724.45,348.11,92.91,415.58,401.49,472.12,682.46,412.61,275.2,421.49,217.52,49.593,798.33,313.98,244.12
91,0.9,366.16,184.24,65.34,326.52,155.41,505.14,336.91,98.072,582.06,252.47,213.69,42.336,546.88,244.8,998.44,724.71,363.02,217.93,380.13,380.32,929.98,345.85,140.66,151.13,346.73,165.67,952.73,392.53,444.39,556.2,679.93,349.4,92.065,384.95,401.98,478.37,646.93,412.16,274.8,421.62,217.7,49.82,762.53,313.14,238.4
92,0.91,366.16,184.05,65.401,322.83,154.31,504.69,331.97,97.161,581.93,252.43,213.44,42.277,530.76,245.21,1001.6,686.52,362.43,213.34,362.73,379.57,934.54,345.21,140.43,151.11,331.58,164.66,955.38,364,445.2,562.48,634.31,350.54,90.512,354.88,402.31,484.83,611.02,411.72,273.44,421.69,217.78,50.117,725.85,312.5,231.14
93,0.92,366.23,183.97,65.403,319.28,153.34,504.25,326.9,96.476,581.93,252.33,213.2,42.2,514.67,245.75,1004.6,647.52,361.89,207.5,345.4,378.9,938.85,344.48,140.37,151.1,316.51,163.72,957.69,335.9,445.92,568.74,587.79,351.66,88.471,325.47,402.48,491.37,574.75,411.3,271.15,421.68,217.8,50.469,688.24,312.04,222.51
94,0.93,366.33,184,65.376,315.73,152.52,503.83,321.65,96.003,582.04,252.15,213.01,42.131,498.61,246.44,1007.2,607.74,361.41,200.56,328.14,378.27,942.83,343.75,140.42,151.08,301.5,162.86,959.63,308.39,446.52,574.87,540.52,352.84,86.122,296.78,402.49,497.85,538.14,410.9,267.99,421.61,217.8,50.864,649.62,311.67,212.67
95,0.94,366.41,184.13,65.347,312.07,151.85,503.41,316.18,95.714,582.2,251.93,212.86,42.089,482.59,247.28,1009.4,567.19,360.99,192.69,310.94,377.69,946.38,343.07,140.53,151.04,286.55,162.07,961.17,281.62,446.97,580.75,492.63,354.16,83.59,268.85,402.34,504.14,501.21,410.53,264.01,421.48,217.85,51.289,609.91,311.31,201.81
96,0.95,366.46,184.34,65.332,308.21,151.32,502.97,310.48,95.57,582.37,251.66,212.8,42.08,466.63,248.26,1011.2,525.86,360.61,184.06,293.81,377.15,949.43,342.46,140.67,150.97,271.65,161.34,962.27,255.68,447.26,586.26,444.26,355.68,80.961,241.7,402.06,510.11,463.96,410.18,259.3,421.32,218,51.736,569.05,310.86,190.11
97,0.96,366.47,184.63,65.341,304.08,150.92,502.48,304.5,95.534,582.48,251.37,212.82,42.096,450.72,249.37,1012.4,483.74,360.28,174.84,276.73,376.65,951.92,341.88,140.79,150.88,256.78,160.67,962.91,230.61,447.36,591.31,395.5,357.49,78.292,215.34,401.65,515.65,426.4,409.86,253.94,421.14,218.29,52.198,527,310.29,177.75
98,0.97,366.42,185,65.373,299.61,150.63,501.92,298.22,95.575,582.49,251.07,212.95,42.118,434.88,250.61,1013.1,440.84,359.98,165.2,259.71,376.19,953.82,341.26,140.89,150.78,241.94,160.06,963.08,206.43,447.28,595.79,346.43,359.62,75.63,189.76,401.13,520.64,388.53,409.55,248,420.95,218.71,52.677,483.73,309.55,164.94
99,0.98,366.31,185.41,65.423,294.73,150.43,501.28,291.58,95.67,582.36,250.76,213.18,42.123,419.11,251.97,1013.2,397.15,359.7,155.31,242.72,375.79,955.09,340.53,140.94,150.66,227.14,159.51,962.79,183.12,447.06,599.64,297.11,362.08,73.019,164.96,400.54,524.98,350.36,409.24,241.57,420.77,219.27,53.188,439.27,308.67,151.89
100,0.99,366.13,185.87,65.483,289.4,150.32,500.52,284.54,95.811,582.04,250.48,213.5,42.091,403.4,253.42,1012.8,352.72,359.44,145.35,225.76,375.43,955.73,339.61,140.98,150.53,212.37,159.03,962.04,160.63,446.72,602.78,247.61,364.82,70.515,140.95,399.92,528.59,311.89,408.93,234.76,420.6,219.92,53.75,393.7,307.69,138.82
101,1,365.89,186.36,65.546,283.59,150.28,499.63,277.01,95.999,581.5,250.21,213.9,42.012,387.74,254.96,1011.7,307.57,359.22,135.49,208.8,375.13,955.74,338.46,141.01,150.36,197.62,158.6,960.85,138.89,446.31,605.16,198,367.75,68.187,117.73,399.32,531.38,273.15,408.63,227.65,420.46,220.62,54.377,347.11,306.68,125.96
102,1.01,365.59,186.88,65.611,277.28,150.32,498.6,268.96,96.24,580.72,249.99,214.37,41.889,372.13,256.59,1010.2,261.76,359.04,125.94,191.83,374.89,955.14,337.07,141.1,150.13,182.89,158.22,959.25,117.88,445.9,606.73,148.35,370.74,66.128,95.31,398.78,533.3,234.13,408.36,220.4,420.35,221.35,55.075,299.65,305.74,113.56
103,1.02,365.22,187.44,65.691,270.47,150.44,497.42,260.35,96.548,579.69,249.82,214.87,41.739,356.54,258.29,1008.1,215.38,358.96,116.88,174.84,374.7,953.94,335.42,141.31,149.82,168.15,157.89,957.28,97.521,445.53,607.44,98.748,373.65,64.46,73.676,398.34,534.31,194.87,408.16,213.13,420.25,222.11,55.843,251.52,304.96,101.84
104,1.03,364.8,188.03,65.804,263.16,150.64,496.09,251.18,96.933,578.41,249.69,215.38,41.588,340.94,260.07,1005.6,168.53,359.04,108.5,157.8,374.56,952.18,333.53,141.7,149.44,153.4,157.61,954.98,77.791,445.26,607.28,49.275,376.34,63.346,52.813,398.05,534.4,155.41,408.08,206.03,420.15,222.88,56.686,202.93,304.46,91.025
105,1.04,364.33,188.66,65.978,255.4,150.92,494.64,241.47,97.397,576.9,249.61,215.87,41.469,325.31,261.93,1002.8,121.38,359.34,100.99,140.7,374.46,949.9,331.42,142.28,149.01,138.6,157.37,952.4,58.654,445.12,606.2,0.034959,378.72,62.983,32.692,397.92,533.57,115.8,408.18,199.27,420.01,223.68,57.615,154.11,304.3,81.293
106,1.05,363.83,189.33,66.239,247.21,151.29,493.07,231.33,97.93,575.2,249.56,216.3,41.405,309.6,263.86,999.62,74.146,359.91,94.508,123.51,374.4,947.15,329.15,143.07,148.59,123.74,157.16,949.57,40.079,445.14,604.21,-48.841,380.7,63.586,13.27,397.96,531.88,76.125,408.51,193.03,419.78,224.5,58.657,105.32,304.55,72.776
107,1.06,363.29,190.03,66.614,238.64,151.72,491.43,220.86,98.503,573.35,249.52,216.64,41.409,293.79,265.88,996.23,27.081,360.83,89.17,106.21,374.37,943.99,326.77,144.01,148.27,108.79,156.98,946.56,22.038,445.34,601.34,-97.182,382.24,65.36,-5.5048,398.17,529.38,36.508,409.13,187.47,419.42,225.33,59.851,56.84,305.27,65.547
108,1.07,362.72,190.74,67.132,229.75,152.21,489.75,210.2,99.083,571.44,249.46,216.87,41.475,277.83,267.97,992.69,-19.508,362.13,85.054,88.788,374.36,940.48,324.35,145.03,148.14,93.744,156.82,943.41,4.4973,445.7,597.65,-144.76,383.31,68.455,-23.697,398.55,526.18,-2.8962,410.07,182.7,418.91,226.13,61.244,8.961,306.49,59.615
109,1.08,362.1,191.42,67.826,220.57,152.73,488.07,199.47,99.629,569.54,249.36,217,41.583,261.69,270.15,989.06,-65.279,363.81,82.168,71.211,374.36,936.7,321.94,146.03,148.28,78.566,156.68,940.14,-12.587,446.21,593.24,-191.31,383.92,72.924,-41.38,399.07,522.4,-41.89,411.37,178.79,418.24,226.87,62.884,-37.984,308.22,54.928
110,1.09,361.41,192.03,68.734,211.11,153.27,486.4,188.78,100.11,567.71,249.18,217.02,41.712,245.34,272.4,985.41,-109.86,365.84,80.444,53.459,374.37,932.73,319.54,146.91,148.73,63.24,156.57,936.81,-29.276,446.85,588.26,-236.48,384.1,78.689,-58.642,399.72,518.19,-80.229,413.02,175.78,417.41,227.48,64.822,-83.623,310.46,51.375
111,1.1,360.61,192.5,69.9,201.36,153.82,484.78,178.15,100.52,566,248.92,216.95,41.843,228.75,274.73,981.79,-152.84,368.17,79.737,35.512,374.38,928.64,317.08,147.57,149.51,47.743,156.49,933.45,-45.659,447.59,582.91,-279.91,383.86,85.522,-75.589,400.48,513.71,-117.63,415,173.61,416.44,227.89,67.109,-127.54,313.16,48.794
112,1.11,359.65,192.79,71.374,191.29,154.35,483.22,167.55,100.86,564.42,248.55,216.81,41.971,211.89,277.13,978.26,-193.79,370.69,79.831,17.352,374.41,924.52,314.46,147.94,150.57,32.053,156.45,930.08,-61.864,448.41,577.43,-321.19,383.21,93.046,-92.346,401.32,509.11,-153.76,417.26,172.18,415.33,228.06,69.796,-169.29,316.24,46.982
113,1.12,358.5,192.83,73.22,180.83,154.86,481.7,156.88,101.13,562.96,248.06,216.6,42.097,194.76,279.58,974.85,-232.28,373.31,80.451,-1.0287,374.45,920.48,311.55,147.99,151.89,16.15,156.47,926.74,-78.062,449.29,572.05,-359.9,382.13,100.74,-109.06,402.22,504.58,-188.28,419.71,171.34,414.09,227.96,72.936,-208.39,319.59,45.709
114,1.13,357.12,192.61,75.5,169.89,155.36,480.21,145.98,101.39,561.56,247.44,216.33,42.228,177.33,282.06,971.6,-267.89,375.91,81.29,-19.633,374.51,916.59,308.23,147.72,153.43,0.012853,156.56,923.46,-94.471,450.2,567.02,-395.61,380.64,107.98,-125.89,403.15,500.27,-220.86,422.24,170.91,412.69,227.57,76.579,-244.37,323.09,44.741
115,1.14,355.46,192.1,78.268,158.37,155.85,478.72,134.66,101.66,560.17,246.69,215.99,42.367,159.62,284.56,968.56,-300.25,378.38,82.041,-38.451,374.6,912.94,304.46,147.18,155.18,-16.376,156.73,920.26,-111.33,451.1,562.59,-427.95,378.76,114.08,-143.01,404.05,496.35,-251.18,424.73,170.66,411.09,226.91,80.778,-276.78,326.6,43.869
116,1.15,353.5,191.33,81.56,146.16,156.34,477.19,122.72,101.99,558.72,245.79,215.58,42.503,141.64,287.03,965.76,-329.06,380.63,82.433,-57.463,374.76,909.63,300.2,146.41,157.16,-33.029,157.02,917.16,-128.89,451.97,558.95,-456.63,376.6,118.36,-160.57,404.89,492.97,-278.99,427.05,170.42,409.2,226.02,85.591,-305.28,330.01,42.941
117,1.16,351.16,190.32,85.392,133.12,156.86,475.58,109.98,102.43,557.14,244.75,215.08,42.618,123.41,289.46,963.22,-354.15,382.58,82.274,-76.636,374.99,906.71,295.48,145.5,159.46,-49.953,157.45,914.2,-147.33,452.74,556.25,-481.49,374.3,120.28,-178.69,405.61,490.24,-304.13,429.1,170.02,406.93,224.92,91.076,-329.66,333.2,41.882
118,1.17,348.35,189.07,89.77,119.13,157.39,473.86,96.241,103.02,555.4,243.57,214.49,42.68,104.96,291.82,960.99,-375.51,384.2,81.477,-95.926,375.34,904.26,290.29,144.48,162.17,-67.148,158.05,911.39,-166.77,453.39,554.57,-502.53,372.06,119.49,-197.44,406.17,488.24,-326.58,430.79,169.38,404.1,223.66,97.285,-349.88,336.09,40.713
119,1.18,344.92,187.58,94.689,104.07,157.93,471.99,81.359,103.77,553.48,242.25,213.79,42.648,86.35,294.06,959.09,-393.26,385.45,80.071,-115.28,375.84,902.34,284.61,143.35,165.44,-84.604,158.83,908.77,-187.18,453.86,553.92,-519.95,370.11,115.94,-216.79,406.53,487.04,-346.41,432.06,168.48,400.5,222.22,104.26,-366.07,338.6,39.544
120,1.19,340.67,185.82,100.13,87.801,158.46,469.98,65.2,104.69,551.38,240.8,213.01,42.485,67.629,296.17,957.56,-407.71,386.34,78.194,-134.63,376.52,900.99,278.35,142.06,169.4,-102.3,159.83,906.36,-208.42,454.15,554.27,-534.14,368.62,109.87,-236.64,406.68,486.65,-363.84,432.92,167.38,395.88,220.57,112.02,-378.6,340.67,38.544
121,1.2,335.34,183.76,106.06,70.229,158.96,467.81,47.662,105.76,549.14,239.22,212.14,42.174,48.86,298.13,956.41,-419.25,386.87,76.057,-153.92,377.41,900.24,271.28,140.54,174.14,-120.21,161.04,904.22,-230.23,454.26,555.51,-545.61,367.67,101.81,-256.84,406.64,487.03,-379.16,433.38,166.22,389.9,218.64,120.56,-387.93,342.27,37.896
122,1.21,328.62,181.33,112.43,51.253,159.39,465.51,28.68,106.94,546.8,237.44,211.23,41.742,30.11,299.91,955.68,-428.34,387.07,73.893,-173.08,378.53,900.12,263.09,138.69,179.67,-138.29,162.48,902.36,-252.26,454.23,557.51,-554.89,367.25,92.528,-277.16,406.45,488.14,-392.68,433.47,165.13,382.19,216.32,129.82,-394.66,343.39,37.732
123,1.22,320.17,178.49,119.17,30.802,159.72,463.12,8.2266,108.17,544.41,235.34,210.29,41.282,11.446,301.5,955.36,-435.47,386.97,71.911,-192.03,379.88,900.62,253.35,136.41,185.88,-156.51,164.14,900.84,-274.17,454.14,560.13,-562.43,367.19,82.865,-297.36,406.16,489.86,-404.7,433.27,164.24,372.39,213.51,139.73,-399.36,344.06,38.099
124,1.23,309.65,175.22,126.21,8.8311,159.96,460.67,-13.688,109.38,542.06,232.66,209.34,40.96,-7.0687,302.9,955.48,-441.05,386.64,70.259,-210.72,381.48,901.73,241.61,133.63,192.52,-174.79,166.01,899.69,-295.61,454.05,563.19,-568.56,367.3,73.629,-317.17,405.81,492.06,-415.42,432.83,163.62,360.16,210.08,150.16,-402.59,344.37,38.946
125,1.24,296.8,171.53,133.46,-14.67,160.1,458.26,-37.009,110.54,539.81,229.04,208.39,41.021,-25.378,304.11,956.03,-445.42,386.13,69.008,-229.08,383.29,903.43,227.41,130.38,199.27,-193.11,168.07,898.97,-316.31,454.05,566.51,-573.51,367.34,65.461,-336.37,405.48,494.58,-424.96,432.25,163.27,345.26,206,160.97,-404.79,344.4,40.151
126,1.25,281.42,167.5,140.86,-39.67,160.17,455.95,-61.636,111.6,537.73,223.99,207.44,41.762,-43.436,305.14,957,-448.86,385.5,68.163,-247.08,385.31,905.66,210.39,126.79,205.72,-211.39,170.27,898.69,-336.01,454.2,569.87,-577.41,367.2,58.766,-354.69,405.21,497.23,-433.35,431.61,163.16,327.61,201.28,171.99,-406.31,344.22,41.553
127,1.26,263.45,163.31,148.38,-66.097,160.21,453.87,-87.419,112.57,535.93,216.92,206.44,43.487,-61.206,306.01,958.37,-451.56,384.81,67.675,-264.68,387.5,908.38,190.36,123.11,211.56,-229.59,172.6,898.91,-354.53,454.53,573.06,-580.39,366.87,53.703,-371.94,405.07,499.85,-440.6,431,163.23,307.27,196.07,183.05,-407.37,343.89,42.99
128,1.27,242.93,159.16,155.98,-93.84,160.26,452.12,-114.16,113.49,534.5,207.18,205.29,46.435,-78.669,306.74,960.15,-453.67,384.11,67.469,-281.86,389.83,911.52,167.36,119.61,216.62,-247.68,175.02,899.62,-371.68,455.07,575.89,-582.55,366.42,50.219,-387.89,405.13,502.26,-446.72,430.51,163.4,284.49,190.64,193.95,-408.14,343.45,44.326
129,1.28,220.04,155.3,163.65,-122.75,160.39,450.84,-141.62,114.4,533.56,194.19,203.89,50.695,-95.818,307.34,962.29,-455.27,383.44,67.456,-298.62,392.26,914.99,141.66,116.59,220.91,-265.63,177.48,900.86,-387.29,455.85,578.25,-584.01,365.96,48.101,-402.39,405.44,504.37,-451.72,430.18,163.62,259.61,185.35,204.52,-408.68,342.96,45.46
130,1.29,195.01,151.94,171.35,-152.66,160.63,450.16,-169.57,115.35,533.24,177.46,202.13,56.161,-112.66,307.83,964.8,-456.45,382.84,67.552,-314.96,394.77,918.73,113.73,114.24,224.66,-283.41,179.96,902.62,-401.23,456.87,580.05,-584.89,365.59,47.049,-415.33,406.04,506.1,-455.65,430.07,163.84,233.03,180.63,214.57,-409.05,342.44,46.334
131,1.3,168.11,149.26,178.99,-183.37,161.02,450.18,-197.76,116.4,533.64,156.72,199.94,62.532,-129.21,308.22,967.63,-457.24,382.36,67.69,-330.9,397.32,922.65,84.085,112.65,228.17,-301.03,182.44,904.89,-413.45,458.13,581.3,-585.34,365.39,46.739,-426.69,406.97,507.43,-458.58,430.19,164.02,205.13,176.85,223.9,-409.28,341.96,46.929
132,1.31,139.6,147.38,186.4,-214.69,161.61,451.01,-226.03,117.55,534.84,131.93,197.34,69.374,-145.51,308.53,970.77,-457.71,382.03,67.819,-346.47,399.9,926.7,53.24,111.81,231.75,-318.47,184.89,907.64,-423.98,459.64,582.07,-585.46,365.38,46.868,-436.48,408.22,508.38,-460.61,430.51,164.16,176.21,174.26,232.29,-409.41,341.54,47.253
133,1.32,109.74,146.33,193.38,-246.41,162.38,452.71,-254.24,118.82,536.89,103.32,194.47,76.209,-161.6,308.77,974.19,-457.91,381.86,67.913,-361.71,402.49,930.81,21.606,111.64,235.58,-335.76,187.32,910.85,-432.95,461.39,582.48,-585.38,365.58,47.193,-444.82,409.78,509,-461.87,431,164.23,146.45,172.98,239.55,-409.45,341.24,47.337
134,1.33,78.696,146.08,199.7,-278.33,163.36,455.3,-282.34,120.16,539.77,71.304,191.58,82.611,-177.51,308.93,977.84,-457.88,381.86,67.96,-376.66,405.07,934.93,-10.543,112.03,239.72,-352.91,189.71,914.45,-440.57,463.34,582.63,-585.15,365.97,47.539,-451.84,411.59,509.34,-462.5,431.6,164.23,115.98,172.96,245.51,-409.44,341.05,47.232
135,1.34,46.633,146.56,205.13,-310.29,164.53,458.79,-310.3,121.54,543.44,36.432,188.99,88.259,-193.29,309.04,981.69,-457.68,382.02,67.962,-391.37,407.64,938.99,-43.068,112.87,244.05,-369.95,192.06,918.4,-447.11,465.47,582.67,-584.85,366.52,47.806,-457.73,413.61,509.48,-462.63,432.29,164.18,84.84,174.01,250.01,-409.38,340.97,46.999
136,1.35,13.654,147.64,209.46,-342.1,165.88,463.12,-338.15,122.92,547.81,-0.74457,186.95,92.959,-208.99,309.1,985.69,-457.35,382.31,67.93,-405.9,410.18,942.95,-75.929,114.05,248.33,-386.89,194.38,922.64,-452.87,467.71,582.69,-584.51,367.17,47.957,-462.69,415.74,509.49,-462.39,433,164.09,53.045,175.9,252.96,-409.28,340.98,46.704
137,1.36,-20.167,149.21,212.53,-373.63,167.4,468.24,-365.89,124.29,552.78,-39.723,185.67,96.635,-224.65,309.11,989.78,-456.96,382.69,67.882,-420.3,412.67,946.77,-109.14,115.48,252.3,-403.77,196.66,927.07,-458.08,470.03,582.77,-584.15,367.86,48.001,-466.9,417.92,509.42,-461.93,433.72,163.97,20.595,178.35,254.3,-409.13,341.05,46.407
138,1.37,-54.778,151.13,214.24,-404.75,169.06,474.03,-393.52,125.62,558.24,-80.088,185.24,99.302,-240.3,309.08,993.89,-456.52,383.13,67.836,-434.62,415.11,950.4,-142.75,117.12,255.72,-420.61,198.92,931.63,-462.94,472.34,582.95,-583.79,368.51,47.969,-470.54,420.08,509.33,-461.37,434.42,163.85,-12.52,181.13,254.04,-408.94,341.17,46.156
139,1.38,-90.141,153.32,214.56,-435.36,170.87,480.39,-421.01,126.94,564.06,-121.52,185.68,101.02,-255.97,309.02,997.97,-456.09,383.58,67.81,-448.9,417.48,953.79,-176.78,118.95,258.44,-437.41,201.14,936.23,-467.61,474.57,583.23,-583.47,369.08,47.896,-473.76,422.13,509.26,-460.81,435.07,163.75,-46.31,184.07,252.21,-408.71,341.3,45.983
140,1.39,-126.22,155.72,213.52,-465.37,172.8,487.17,-448.33,128.27,570.13,-163.78,186.9,101.88,-271.68,308.93,1001.9,-455.69,384,67.819,-463.18,419.77,956.91,-211.23,120.99,260.34,-454.2,203.32,940.77,-472.16,476.64,583.59,-583.18,369.53,47.811,-476.69,424.04,509.23,-460.33,435.66,163.69,-80.791,187.09,248.88,-408.46,341.42,45.907
141,1.4,-162.99,158.29,211.19,-494.74,174.84,494.24,-475.41,129.65,576.34,-206.71,188.78,101.96,-287.44,308.84,1005.8,-455.33,384.38,67.873,-477.51,421.96,959.71,-246.09,123.26,261.39,-470.98,205.44,945.17,-476.64,478.5,584,-582.96,369.85,47.732,-479.45,425.77,509.24,-459.95,436.17,163.67,-115.98,190.16,244.17,-408.21,341.52,45.931
142,1.41,-200.42,161.05,207.66,-523.41,176.99,501.43,-502.19,131.11,582.57,-250.22,191.16,101.33,-303.27,308.73,1009.3,-455.04,384.7,67.98,-491.89,424.03,962.16,-281.31,125.78,261.58,-487.75,207.5,949.34,-481.11,480.09,584.44,-582.8,370.05,47.671,-482.16,427.29,509.3,-459.71,436.6,163.7,-151.89,193.31,238.16,-407.99,341.6,46.049
143,1.42,-238.49,164.01,203.04,-551.37,179.24,508.6,-528.61,132.69,588.71,-294.24,193.85,100.07,-319.16,308.63,1012.6,-454.81,384.93,68.142,-506.34,425.98,964.21,-316.85,128.54,260.91,-504.51,209.49,953.2,-485.61,481.4,584.87,-582.72,370.18,47.629,-484.92,428.61,509.39,-459.59,436.94,163.76,-188.53,196.61,230.98,-407.84,341.66,46.249
144,1.43,-277.19,167.22,197.45,-578.59,181.56,515.59,-554.6,134.39,594.67,-338.76,196.7,98.243,-335.12,308.53,1015.5,-454.66,385.09,68.358,-520.87,427.8,965.85,-352.63,131.52,259.39,-521.24,211.39,956.68,-490.22,482.43,585.26,-582.72,370.26,47.605,-487.84,429.73,509.49,-459.6,437.18,163.87,-225.92,200.14,222.72,-407.77,341.71,46.519
145,1.44,-316.5,170.69,190.98,-605.06,183.93,522.28,-580.12,136.23,600.35,-383.77,199.6,95.945,-351.14,308.45,1018.1,-454.59,385.17,68.621,-535.46,429.49,967.04,-388.61,134.68,257.03,-537.93,213.19,959.7,-495.02,483.22,585.57,-582.79,370.32,47.596,-491.04,430.67,509.56,-459.74,437.35,163.99,-264.08,203.95,213.5,-407.79,341.74,46.849
146,1.45,-356.42,174.46,183.76,-630.79,186.34,528.52,-605.11,138.18,605.66,-429.24,202.49,93.264,-367.22,308.39,1020.2,-454.61,385.18,68.919,-550.11,431.06,967.78,-424.78,138.01,253.86,-554.58,214.88,962.22,-500.12,483.8,585.77,-582.94,370.38,47.596,-494.66,431.46,509.56,-460.05,437.44,164.11,-303.04,208.11,203.44,-407.9,341.75,47.232
147,1.46,-396.96,178.51,175.91,-655.75,188.75,534.19,-629.55,140.22,610.52,-475.18,205.35,90.292,-383.37,308.35,1021.9,-454.71,385.12,69.235,-564.8,432.51,968.06,-461.16,141.52,249.92,-571.18,216.47,964.2,-505.63,484.21,585.82,-583.16,370.42,47.6,-498.8,432.11,509.45,-460.59,437.48,164.22,-342.82,212.65,192.68,-408.1,341.72,47.661
148,1.47,-438.12,182.84,167.57,-679.94,191.13,539.18,-653.39,142.31,614.86,-521.56,208.23,87.121,-399.57,308.34,1023.1,-454.91,384.98,69.557,-579.51,433.87,967.89,-497.81,145.24,245.25,-587.71,217.94,965.61,-511.7,484.51,585.7,-583.43,370.44,47.598,-503.59,432.65,509.21,-461.41,437.46,164.31,-383.44,217.59,181.39,-408.37,341.61,48.126
149,1.48,-479.92,187.42,158.88,-703.33,193.46,543.39,-676.58,144.4,618.62,-568.33,211.17,83.847,-415.82,308.35,1023.9,-455.2,384.77,69.874,-594.22,435.15,967.27,-534.79,149.16,239.92,-604.18,219.32,966.43,-518.46,484.72,585.35,-583.75,370.41,47.577,-509.12,433.08,508.8,-462.58,437.38,164.36,-424.92,222.91,169.74,-408.68,341.4,48.619
150,1.49,-522.38,192.2,150.02,-725.93,195.68,546.76,-699.06,146.43,621.71,-615.46,214.26,80.575,-432.12,308.38,1024.1,-455.59,384.47,70.179,-608.93,436.38,966.24,-572.16,153.29,234.03,-620.6,220.6,966.65,-526.02,484.85,584.76,-584.11,370.29,47.528,-515.46,433.39,508.18,-464.18,437.25,164.36,-467.27,228.56,157.91,-409.03,341.06,49.133
151,1.5,-565.5,197.12,141.16,-747.7,197.77,549.21,-720.77,148.37,624.05,-662.89,217.56,77.427,-448.48,308.44,1023.9,-456.06,384.08,70.474,-623.62,437.56,964.82,-609.92,157.56,227.71,-636.99,221.8,966.29,-534.49,484.91,583.89,-584.48,370.09,47.446,-522.66,433.58,507.35,-466.22,437.04,164.32,-510.49,234.46,146.1,-409.38,340.58,49.666
152,1.51,-609.27,202.09,132.49,-768.65,199.71,550.71,-741.64,150.16,625.55,-710.58,221.13,74.547,,,,-456.62,383.61,70.765,-638.3,438.73,963.05,-648.06,161.9,221.15,-653.36,222.94,965.37,-543.87,484.86,582.72,-584.86,369.8,47.337,-530.7,433.63,506.28,-468.71,436.73,164.25,-554.54,240.51,134.49,-409.73,339.96,50.222
153,1.52,-653.65,207.03,124.2,-788.77,201.48,551.25,-761.6,151.77,626.14,-758.46,225.02,72.103,,,,-457.24,383.05,71.068,-652.95,439.9,960.97,-686.54,166.23,214.54,-669.74,224.04,963.9,-554.13,484.72,581.28,-585.22,369.43,47.215,-539.53,433.54,504.98,-471.6,436.33,164.15,-599.38,246.56,123.27,-410.07,339.24,50.817
154,1.53,-698.54,211.88,116.5,-808.07,203.08,550.83,-780.6,153.17,625.75,-806.43,229.26,70.288,,,,-457.93,382.41,71.407,-667.59,441.09,958.61,-725.29,170.46,208.12,-686.17,225.11,961.95,-565.13,484.46,579.58,-585.54,369.01,47.097,-549.03,433.31,503.46,-474.82,435.81,164.04,-644.88,252.46,112.62,-410.41,338.44,51.469
155,1.54,-743.83,216.57,109.58,-826.57,204.51,549.5,-798.6,154.34,624.33,-854.35,233.85,69.317,,,,-458.66,381.73,71.816,-682.23,442.3,956.01,-764.23,174.53,202.11,-702.68,226.17,959.55,-576.71,484.11,577.65,-585.8,368.55,46.996,-559.09,432.96,501.75,-478.27,435.18,163.95,-690.86,258.04,102.71,-410.74,337.62,52.203
156,1.55,-789.33,221.08,103.61,-844.33,205.79,547.31,-815.64,155.26,621.9,-902.03,238.76,69.407,,,,-459.43,381.01,72.34,-696.9,443.54,953.22,-803.24,178.37,196.72,-719.31,227.24,956.76,-588.63,483.69,575.56,-586.01,368.08,46.918,-569.56,432.51,499.89,-481.86,434.46,163.91,-737.09,263.14,93.708,-411.1,336.83,53.052
157,1.56,-834.78,225.33,98.739,-861.39,206.94,544.35,-831.77,155.97,618.47,-949.2,243.89,70.756,,,,-460.22,380.28,73.029,-711.62,444.8,950.26,-842.18,181.96,192.11,-736.09,228.35,953.65,-600.67,483.23,573.36,-586.17,367.64,46.864,-580.29,432.01,497.92,-485.5,433.67,163.94,-783.22,267.66,85.753,-411.48,336.1,54.061
158,1.57,-879.84,229.31,95.053,-877.83,207.99,540.75,-847.1,156.5,614.15,-995.51,249.18,73.504,,,,-461.01,379.58,73.932,-726.43,446.09,947.17,-880.85,185.27,188.41,-753.06,229.5,950.28,-612.66,482.78,571.1,-586.29,367.27,46.827,-591.17,431.49,495.89,-489.12,432.85,164.07,-828.88,271.52,78.953,-411.91,335.5,55.285
159,1.58,-924.12,232.97,92.56,-893.77,208.98,536.65,-861.8,156.89,609.07,-1040.5,254.49,77.687,,,,-461.82,378.92,75.088,-741.37,447.39,943.98,-919,188.26,185.69,-770.23,230.69,946.73,-624.46,482.39,568.85,-586.4,366.97,46.805,-602.12,431.01,493.84,-492.7,432.06,164.36,-873.63,274.73,73.364,-412.38,335.03,56.796
160,1.59,-967.13,236.32,91.179,-909.33,209.92,532.21,-876.05,157.23,603.4,-1083.9,259.73,83.194,,,,-462.66,378.33,76.53,-756.47,448.7,940.71,-956.32,190.92,183.97,-787.64,231.94,943.06,-636.02,482.1,566.63,-586.52,366.77,46.794,-613.1,430.58,491.79,-496.23,431.36,164.82,-916.96,277.33,68.974,-412.9,334.74,58.667
161,1.6,-1008.4,239.37,90.731,-924.65,210.86,527.59,-890.08,157.58,597.38,-1124.9,264.78,89.733,,,,-463.55,377.88,78.275,-771.77,450.01,937.39,-992.4,193.27,183.14,-805.28,233.23,939.35,-647.38,481.92,564.48,-586.69,366.67,46.794,-624.11,430.25,489.78,-499.72,430.79,165.5,-958.34,279.44,65.688,-413.49,334.64,60.966
162,1.61,-1047.2,242.16,90.944,-939.9,211.8,522.98,-904.11,158.02,591.28,-1163.2,269.54,96.823,,,,-464.51,377.61,80.339,-787.32,451.3,934.06,-1026.7,195.35,183.01,-823.16,234.56,935.67,-658.63,481.88,562.4,-586.94,366.65,46.809,-635.2,430.02,487.82,-503.21,430.42,166.45,-997.24,281.22,63.321,-414.14,334.76,63.754
163,1.62,-1083.2,244.73,91.469,-955.25,212.78,518.54,-918.42,158.6,585.4,-1198.4,273.88,103.83,,,,-465.61,377.59,82.733,-803.13,452.56,930.74,-1058.7,197.24,183.22,-841.26,235.89,932.09,-669.91,481.96,560.39,-587.29,366.71,46.837,-646.45,429.9,485.93,-506.73,430.3,167.72,-1033.1,282.83,61.611,-414.88,335.15,67.079
164,1.63,-1115.6,247.14,91.927,-970.86,213.82,514.41,-933.28,159.34,580.02,-1229.9,277.68,110.01,,,,-466.88,377.9,85.474,-819.24,453.76,927.47,-1087.9,199.04,183.4,-859.56,237.22,928.7,-681.42,482.14,558.45,-587.77,366.85,46.874,-657.97,429.9,484.1,-510.36,430.47,169.34,-1065.5,284.43,60.262,-415.77,335.83,70.99
165,1.64,-1144.2,249.42,91.959,-986.86,214.93,510.73,-948.92,160.25,575.39,-1257.6,280.85,114.64,,,,-468.41,378.56,88.585,-835.66,454.9,924.28,-1113.7,200.8,183.13,-878.05,238.51,925.55,-693.36,482.42,556.55,-588.4,367.08,46.907,-669.92,430,482.33,-514.19,430.96,171.39,-1093.9,286.12,58.99,-416.89,336.81,75.537
166,1.65,-1168.5,251.6,91.296,-1003.4,216.13,507.59,-965.52,161.28,571.69,-1281.2,283.33,117.05,,,,-470.3,379.6,92.101,-852.4,455.93,921.22,-1136,202.54,182.13,-896.7,239.73,922.72,-705.91,482.75,554.67,-589.19,367.42,46.917,-682.44,430.19,480.6,-518.33,431.78,173.91,-1118.2,287.93,57.588,-418.35,338.1,80.777
167,1.66,-1188.7,253.65,89.801,-1020.4,217.43,505.06,-983.14,162.4,569.02,-1300.8,285.14,116.82,,,,-472.7,380.99,96.067,-869.45,456.83,918.31,-1154.7,204.26,180.25,-915.47,240.85,920.26,-719.3,483.12,552.79,-590.15,367.87,46.88,-695.71,430.48,478.89,-522.94,432.95,176.97,-1138.3,289.81,55.961,-420.35,339.69,86.775
168,1.67,-1204.9,255.54,87.506,-1038,218.83,503.17,-1001.8,163.57,567.36,-1316.8,286.38,113.78,,,,-475.78,382.73,100.53,-886.8,457.56,915.61,-1170.4,205.96,177.58,-934.32,241.84,918.25,-733.72,483.51,550.88,-591.27,368.42,46.765,-709.91,430.84,477.15,-528.2,434.46,180.6,-1154.4,291.68,54.154,-423.13,341.55,93.594
169,1.68,-1217.6,257.26,84.6,-1056.1,220.32,501.92,-1021.2,164.74,566.66,-1329.4,287.19,108.14,,,,-479.75,384.78,105.55,-904.42,458.1,913.16,-1183.5,207.63,174.39,-953.21,242.68,916.74,-749.34,483.91,548.92,-592.55,369.04,46.542,-725.22,431.31,475.36,-534.33,436.31,184.84,-1166.9,293.44,52.33,-426.97,343.66,101.29
170,1.69,-1227.5,258.76,81.386,-1074.6,221.89,501.29,-1041.2,165.92,566.8,-1339.4,287.78,100.44,,,,-484.84,387.12,111.16,-922.27,458.44,911,-1194.9,209.31,171.07,-972.12,243.34,915.75,-766.36,484.33,546.9,-593.99,369.68,46.192,-741.81,431.89,473.48,-541.57,438.47,189.68,-1176.5,295.01,50.717,-432.19,345.99,109.91
171,1.7,-1235.1,260.07,78.216,-1093.4,223.51,501.26,-1061.5,167.1,567.66,-1347.3,288.33,91.439,,,,-491.32,389.73,117.39,-940.32,458.54,909.17,-1205.5,211.03,168.05,-990.98,243.82,915.34,-784.89,484.78,544.79,-595.64,370.29,45.726,-759.82,432.64,471.51,-550.19,440.94,195.07,-1183.7,296.32,49.537,-439.14,348.53,119.46
172,1.71,-1241.1,261.23,75.408,-1112.1,225.17,501.74,-1081.9,168.28,569.12,-1353.6,289.03,82.045,,,,-499.42,392.58,124.23,-958.5,458.42,907.72,-1215.8,212.84,165.66,-1009.8,244.1,915.51,-805.03,485.31,542.63,-597.59,370.86,45.207,-779.35,433.58,469.45,-560.45,443.69,200.95,-1189.2,297.32,48.933,-448.1,351.28,129.9
173,1.72,-1246,262.27,73.18,-1130.8,226.84,502.67,-1102.1,169.45,571.09,-1358.8,289.99,73.116,,,,-509.39,395.67,131.66,-976.76,458.08,906.68,-1226.1,214.75,164.01,-1028.4,244.2,916.27,-826.76,485.97,540.44,-600,371.38,44.773,-800.46,434.78,467.33,-572.58,446.69,207.2,-1193.5,297.99,48.932,-459.32,354.24,141.13
174,1.73,-1250.1,263.24,71.617,-1149.1,228.49,503.94,-1121.8,170.61,573.43,-1363.1,291.25,65.331,,,,-521.4,398.96,139.6,-995.03,457.55,906.08,-1236.5,216.71,163.02,-1046.9,244.12,917.6,-849.98,486.81,538.3,-603.14,371.91,44.637,-823.13,436.25,465.21,-586.76,449.89,213.67,-1196.9,298.35,49.452,-472.94,357.39,153
175,1.74,-1253.6,264.16,70.684,-1166.9,230.08,505.43,-1141.1,171.75,576.02,-1366.5,292.79,59.099,,,,-535.56,402.39,147.96,-1013.3,456.86,905.95,-1246.4,218.65,162.44,-1065.2,243.89,919.47,-874.48,487.87,536.34,-607.39,372.56,45.069,-847.27,438.01,463.2,-603.09,453.23,220.22,-1199.6,298.5,50.349,-488.99,360.67,165.25
176,1.75,-1256.4,265.02,70.261,-1183.8,231.57,507.01,-1159.8,172.87,578.69,-1369.2,294.48,54.542,,,,-551.9,405.88,156.64,-1031.4,456.03,906.29,-1255.5,220.49,162.04,-1083.2,243.52,921.82,-899.95,489.17,534.67,-613.29,373.49,46.348,-872.71,440.06,461.39,-621.59,456.65,226.71,-1201.8,298.53,51.467,-507.4,363.99,177.61
177,1.76,-1258.7,265.81,70.194,-1199.8,232.89,508.55,-1177.7,173.94,581.27,-1371.3,296.17,51.544,,,,-570.37,409.31,165.46,-1049.5,455.13,907.11,-1263.2,222.15,161.65,-1101,243.04,924.6,-926.04,490.68,533.45,-621.44,374.87,48.695,-899.27,442.35,459.93,-642.18,460.04,233.05,-1203.5,298.54,52.661,-527.98,367.24,189.74
178,1.77,-1260.3,266.5,70.326,-1214.5,234,509.95,-1194.6,174.93,583.61,-1372.8,297.72,49.832,,,,-590.87,412.57,174.26,-1067.4,454.18,908.42,-1269.5,223.54,161.18,-1118.5,242.47,927.73,-952.36,492.38,532.83,-632.51,376.89,52.208,-926.72,444.83,458.94,-664.69,463.32,239.15,-1204.6,298.62,53.811,-550.5,370.26,201.27
179,1.78,-1261.5,267.06,70.529,-1227.9,234.82,511.14,-1210.3,175.77,585.57,-1373.8,299,49.056,,,,-613.28,415.55,182.82,-1085.1,453.24,910.19,-1274.2,224.6,160.64,-1135.7,241.82,931.12,-978.61,494.21,532.93,-647.1,379.68,56.81,-954.83,447.44,458.58,-688.94,466.4,244.97,-1205.4,298.77,54.826,-574.72,372.88,211.85
180,1.79,-1262.3,267.47,70.71,-1239.8,235.32,512.06,-1224.5,176.38,587.08,-1374.6,299.95,48.871,,,,-637.47,418.17,190.9,-1102.7,452.34,912.42,-1277.4,225.26,160.08,-1152.6,241.13,934.69,-1004.6,496.1,533.84,-665.62,383.25,62.243,-983.39,450.11,458.94,-714.72,469.19,250.48,-1205.7,298.97,55.646,-600.43,375,221.14
181,1.8,-1262.7,267.72,70.816,-1250.3,235.46,512.72,-1237,176.67,588.15,-1375.1,300.54,48.981,,,,-663.34,420.38,198.22,-1120.1,451.5,915.07,-1279.2,225.53,159.55,-1169.2,240.41,938.36,-1030.1,498,535.6,-688.23,387.53,68.102,-1012.2,452.8,460.1,-741.83,471.66,255.63,-1205.8,299.18,56.243,-627.47,376.56,228.87
182,1.81,-1262.8,267.81,70.831,-1259.3,235.25,513.13,-1247.8,176.6,588.81,-1375.4,300.81,49.176,,,,-690.79,422.18,204.53,-1137.3,450.74,918.12,-1280,225.47,159.11,-1185.6,239.67,942.06,-1055.2,499.89,538.21,-714.79,392.29,73.898,-1041.3,455.45,462.09,-770.11,473.79,260.34,-1205.7,299.35,56.623,-655.73,377.56,234.84
183,1.82,-1262.8,267.74,70.771,-1267.1,234.7,513.31,-1257,176.15,589.13,-1375.7,300.8,49.333,,,,-719.74,423.62,209.59,-1154.4,450.08,921.51,-1280.2,225.14,158.77,-1201.6,238.94,945.72,-1080.1,501.74,541.61,-744.94,397.3,79.157,-1070.3,458.03,464.88,-799.42,475.58,264.52,-1205.4,299.44,56.824,-685.13,378.12,238.9
184,1.83,-1262.8,267.55,70.666,-1273.7,233.86,513.3,-1264.7,175.34,589.21,-1375.9,300.61,49.406,,,,-750.14,424.77,213.19,-1171.4,449.51,925.19,-1280.2,224.64,158.52,-1217.4,238.22,949.28,-1104.8,503.57,545.67,-778.22,402.28,83.502,-1099.4,460.5,468.41,-829.65,477.07,268.07,-1205.2,299.46,56.907,-715.59,378.36,241.01
185,1.84,-1262.7,267.27,70.556,-1279.4,232.79,513.15,-1271.3,174.24,589.16,-1376,300.32,49.406,,,,-781.89,425.74,215.23,-1188.3,449.02,929.1,-1280.1,224.03,158.33,-1233,237.51,952.69,-1129.7,505.38,550.28,-814.16,406.99,86.709,-1128.4,462.85,472.57,-860.72,478.31,270.89,-1204.9,299.42,56.944,-747.07,378.46,241.19
186,1.85,-1262.7,266.94,70.478,-1284.3,231.56,512.88,-1277,172.95,589.06,-1376,300.03,49.373,,,,-814.93,426.61,215.67,-1205.1,448.6,933.17,-1280.2,223.38,158.19,-1248.4,236.83,955.9,-1154.8,507.2,555.26,-852.33,411.26,88.711,-1157.3,465.06,477.25,-892.57,479.35,272.86,-1204.7,299.36,57.006,-779.49,378.57,239.51
187,1.86,-1262.8,266.61,70.459,-1288.6,230.25,512.53,-1282.1,171.56,588.99,-1376.1,299.79,49.356,,,,-849.16,427.45,214.52,-1221.8,448.22,937.31,-1280.4,222.75,158.07,-1263.6,236.17,958.88,-1180.2,509.04,560.49,-892.36,415.02,89.583,-1186,467.12,482.3,-925.14,480.23,273.91,-1204.6,299.32,57.149,-812.82,378.81,236.1
188,1.87,-1262.9,266.33,70.508,-1292.5,228.92,512.13,-1286.9,170.19,588.99,-1376.1,299.66,49.391,,,,-884.49,428.33,211.89,-1238.5,447.87,941.46,-1280.9,222.2,157.99,-1278.7,235.53,961.59,-1205.8,510.89,565.83,-933.96,418.3,89.5,-1214.4,469,487.59,-958.4,481.02,273.98,-1204.5,299.33,57.404,-847.01,379.24,231.09
189,1.88,-1263,266.14,70.617,-1296.3,227.65,511.7,-1291.6,168.92,589.09,-1376,299.63,49.491,,,,-920.82,429.27,207.92,-1255.1,447.52,945.53,-1281.4,221.77,157.95,-1293.5,234.9,964,-1231.7,512.74,571.16,-976.84,421.19,88.685,-1242.6,470.72,493,-992.31,481.75,273.04,-1204.5,299.41,57.769,-882.03,379.88,224.66
190,1.89,-1263.1,266.05,70.762,-1299.9,226.5,511.25,-1296.4,167.84,589.25,-1376,299.71,49.642,,,,-958.06,430.29,202.79,-1271.6,447.16,949.44,-1282,221.5,157.96,-1308.3,234.28,966.08,-1257.7,514.55,576.4,-1020.8,423.84,87.366,-1270.4,472.24,498.4,-1026.8,482.48,271.12,-1204.5,299.58,58.219,-917.91,380.73,216.99
191,1.9,-1263.2,266.11,70.903,-1303.6,225.53,510.79,-1301.2,167,589.45,-1375.9,299.85,49.816,,,,-996.13,431.39,196.69,-1288.1,446.76,953.14,-1282.7,221.4,158.02,-1322.9,233.67,967.81,-1283.7,516.3,581.48,-1065.5,426.41,85.735,-1297.9,473.58,503.71,-1061.9,483.24,268.25,-1204.6,299.83,58.715,-954.64,381.75,208.25
192,1.91,-1263.4,266.31,70.996,-1307.4,224.76,510.32,-1306.3,166.45,589.63,-1376,300.05,49.98,,,,-1034.9,432.58,189.77,-1304.6,446.32,956.57,-1283.5,221.48,158.11,-1337.4,233.05,969.18,-1309.5,517.94,586.35,-1110.8,429.04,83.932,-1324.9,474.71,508.86,-1097.5,484.09,264.52,-1204.8,300.14,59.222,-992.27,382.9,198.6
193,1.92,-1263.7,266.68,70.999,-1311.4,224.25,509.85,-1311.7,166.2,589.71,-1376,300.29,50.113,,,,-1074.5,433.85,182.18,-1321,445.82,959.68,-1284.3,221.75,158.19,-1351.7,232.42,970.18,-1335,519.47,590.95,-1156.6,431.85,82.037,-1351.4,475.64,513.81,-1133.6,485.06,259.98,-1205,300.49,59.718,-1030.8,384.15,188.18
194,1.93,-1264,267.23,70.877,-1315.7,223.99,509.37,-1317.4,166.27,589.66,-1376.2,300.55,50.204,,,,-1114.7,435.2,174.02,-1337.5,445.26,962.44,-1285.2,222.18,158.24,-1365.9,231.77,970.78,-1360.1,520.86,595.25,-1202.7,434.92,80.075,-1377.4,476.36,518.53,-1170.1,486.15,254.71,-1205.2,300.88,60.199,-1070.3,385.48,177.11
195,1.94,-1264.4,267.95,70.602,-1320.2,224.01,508.9,-1323.4,166.67,589.44,-1376.4,300.86,50.251,,,,-1155.6,436.64,165.36,-1353.8,444.64,964.84,-1286.3,222.74,158.24,-1380,231.12,970.99,-1384.9,522.13,599.22,-1249.1,438.29,78.046,-1403,476.87,522.99,-1207,487.39,248.74,-1205.5,301.3,60.668,-1110.8,386.85,165.43
196,1.95,-1264.9,268.85,70.161,-1325.1,224.3,508.43,-1329.7,167.38,589.04,-1376.7,301.19,50.256,,,,-1197.1,438.17,156.23,-1370.2,443.95,966.86,-1287.4,223.4,158.18,-1393.9,230.44,970.8,-1409.2,523.25,602.85,-1295.7,441.98,75.943,-1428,477.17,527.21,-1244.4,488.79,242.1,-1205.8,301.73,61.131,-1152.3,388.28,153.21
197,1.96,-1265.4,269.93,69.547,-1330.2,224.87,507.97,-1336.4,168.42,588.44,-1377.1,301.56,50.222,,,,-1239.3,439.79,146.65,-1386.5,443.21,968.5,-1288.7,224.14,158.05,-1407.7,229.76,970.22,-1433,524.24,606.13,-1342.5,446,73.762,,,,-1282.1,490.35,234.8,-1206,302.19,61.592,-1194.8,389.75,140.43
